Workbook

Sheet Sheet1
A1: VolumeID | B1: height1 | C1: height2 | D1: height3 | E1: height4 | F1: Mean Height | G1: Diameter | H1: Radius | I1: Volume of "cylinder" portion (mean height*radius2*pi) (cm3) | J1: Cylinder Volume in L | K1: Cap Volume | L1: Two tube Volume | M1: Volume | N1: surfarea
A2: CollarA0.32 | B2: 5.1 | C2: 6.1 | D2: 5.6 | E2: 5.9 | F2: =AVERAGE(B2:E2) -> 5.675 | G2: =4*2.54 -> 10.16 | H2: =G2/2 -> 5.08 | I2: =PI()*H2^2*F2 -> 460.09039 | J2: =I2*0.001 -> 0.46009039 | K2: =Sheet2!D16 -> 0.019792034 | L2: =(PI()*(0.3175/2)^2*400)*0.001*2 -> 0.063338435 | M2: =J2+K2+L2 -> 0.54322086 | N2: =PI()*(4*2.54/2)^2 / 100^2 -> 0.0081073197
A3: CollarB0.25 | B3: 4.5 | C3: 5 | D3: 5.3 | E3: 5.5 | F3: =AVERAGE(B3:E3) -> 5.075 | G3: =4*2.54 -> 10.16 | H3: =G3/2 -> 5.08 | I3: =PI()*H3^2*F3 -> 411.44647 | J3: =I3*0.001 -> 0.41144647 | K3: =Sheet2!D16 -> 0.019792034 | L3: =(PI()*(0.3175/2)^2*400)*0.001*2 -> 0.063338435 | M3: =J3+K3+L3 -> 0.49457694 | N3: =PI()*(4*2.54/2)^2 / 100^2 -> 0.0081073197
A4: CollarC0.35 | B4: 4.6 | C4: 5.2 | D4: 4.9 | E4: 5 | F4: =AVERAGE(B4:E4) -> 4.925 | G4: =4*2.54 -> 10.16 | H4: =G4/2 -> 5.08 | I4: =PI()*H4^2*F4 -> 399.28549 | J4: =I4*0.001 -> 0.39928549 | K4: =Sheet2!D16 -> 0.019792034 | L4: =(PI()*(0.3175/2)^2*400)*0.001*2 -> 0.063338435 | M4: =J4+K4+L4 -> 0.48241596 | N4: =PI()*(4*2.54/2)^2 / 100^2 -> 0.0081073197
A5: CollarA1.0 | B5: 3.7 | C5: 4.3 | D5: 3.3 | E5: 4.1 | F5: =AVERAGE(B5:E5) -> 3.85 | G5: =4*2.54 -> 10.16 | H5: =G5/2 -> 5.08 | I5: =PI()*H5^2*F5 -> 312.13181 | J5: =I5*0.001 -> 0.31213181 | K5: =Sheet2!D16 -> 0.019792034 | L5: =(PI()*(0.3175/2)^2*400)*0.001*2 -> 0.063338435 | M5: =J5+K5+L5 -> 0.39526228 | N5: =PI()*(4*2.54/2)^2 / 100^2 -> 0.0081073197
A6: CollarB0.9 | B6: 4.8 | C6: 5 | D6: 4.8 | E6: 6 | F6: =AVERAGE(B6:E6) -> 5.15 | G6: =4*2.54 -> 10.16 | H6: =G6/2 -> 5.08 | I6: =PI()*H6^2*F6 -> 417.52696 | J6: =I6*0.001 -> 0.41752696 | K6: =Sheet2!D16 -> 0.019792034 | L6: =(PI()*(0.3175/2)^2*400)*0.001*2 -> 0.063338435 | M6: =J6+K6+L6 -> 0.50065743 | N6: =PI()*(4*2.54/2)^2 / 100^2 -> 0.0081073197
A7: CollarC1.0 | B7: 5.7 | C7: 6.1 | D7: 5.6 | E7: 5.9 | F7: =AVERAGE(B7:E7) -> 5.825 | G7: =4*2.54 -> 10.16 | H7: =G7/2 -> 5.08 | I7: =PI()*H7^2*F7 -> 472.25137 | J7: =I7*0.001 -> 0.47225137 | K7: =Sheet2!D16 -> 0.019792034 | L7: =(PI()*(0.3175/2)^2*400)*0.001*2 -> 0.063338435 | M7: =J7+K7+L7 -> 0.55538184 | N7: =PI()*(4*2.54/2)^2 / 100^2 -> 0.0081073197
A8: TupperwareB | J8: 0.31 | L8: =(PI()*(0.3175/2)^2*400)*0.001*2 -> 0.063338435 | M8: =L8+J8 -> 0.37333843 | N8: =(11.5*8.5)/(100*100) -> 0.009775

Sheet Sheet2
A1: cap calculation
A2: Total Height | B2: Height between top of inner cylinder to top of collar | C2: Height of inner cylinder | D2: Big diameter | E2: Big Radius | F2: Small Diameter | G2: Small Radius
A3: 4.7 | B3: 1.9 | C3: =A3-B3 -> 2.8 | D3: 11.1 | E3: =D3/2 -> 5.55 | F3: 3 | G3: 1.5
A5: Volume of a cylinder: | C5: π × radius2 × height
A6: Volume of small inner cylinder:
A7: pi | B7: radius | C7: height | D7: volume | E7: units
A8: =PI() -> 3.1415927 | B8: =G3 -> 1.5 | C8: =C3 -> 2.8 | D8: =A8*(B8^2)*C8 -> 19.792034 | E8: cm^3
A10: Volume of large upper cylinder:
A11: pi | B11: radius | C11: height | D11: volume | E11: units
A12: =PI() -> 3.1415927 | B12: =E3 -> 5.55 | C12: =B3 -> 1.9 | D12: =A12*(B12^2)*C12 -> 183.86092 | E12: cm^3
A14: Total approximate volume:
A15: =D12+D8 -> 203.65296 | B15: cm3 | C15: OR | D15: =A15*(0.001) -> 0.20365296 | E15: liters
D16: =D8*(0.001) -> 0.019792034
