Workbook
Name micro_2022_10_04_f0001: compiled!$A$1:$AI$1075
Name micro_2022_10_04_f0001: 'f0001'!$A$1:$AI$1076
Name micro_2022_10_04_f0002: compiled!$A$1076:$AI$1307
Name micro_2022_10_04_f0002: 'f0002'!$A$1:$AI$234
Name micro_2022_10_04_f0003: compiled!$A$1308:$AI$1623
Name micro_2022_10_04_f0003: 'f0003'!$A$1:$AI$318
Name micro_2022_10_04_f0004: compiled!$A$1624:$AI$1674
Name micro_2022_10_04_f0004: 'f0004'!$A$1:$AI$53

Sheet f0001
A1: SN:3K60180500001585 BD:Jul 23 2018 VC:834b9c1 MD5:48f99e4865ed8b810be1bb0eaaabf929
A2: SysTime | B2: Time | C2: Batt_v | D2: Batt_v_sd | E2: BATT_PERCENT | F2: BATT_PERCENT_sd | G2: [CH4]_ppm | H2: [CH4]_ppm_sd | I2: [H2O]_ppm | J2: [H2O]_ppm_sd | K2: [H2Oa]_ppm | L2: [H2Oa]_ppm_sd | M2: [CO2]_ppm | N2: [CO2]_ppm_sd | O2: [CH4]d_ppm | P2: [CH4]d_ppm_sd | Q2: [CO2]d_ppm | R2: [CO2]d_ppm_sd | S2: GasP_torr | T2: GasP_torr_sd | U2: GasT_C | V2: GasT_C_sd | W2: AmbT_C | X2: AmbT_C_sd | Y2: RD0_us | Z2: RD0_us_sd | AA2: RD1_us | AB2: RD1_us_sd | AC2: Temp_Status_mA | AD2: Temp_Status_mA_sd | AE2: Analyzer_Status_mA | AF2: Analyzer_Status_mA_sd | AG2: Fit_Flag | AH2: MIU_VALVE | AI2: MIU_DESC
A3: 44838.429 | B3: 10/04/2022 10:18:11.622 | C3: 3.63513 | D3: 0 | E3: 43.4824 | F3: 0 | G3: 1.92229 | H3: 0 | I3: 2228.77 | J3: 0 | K3: 10547.4 | L3: 0 | M3: 853.118 | N3: 0 | O3: 0.963294 | P3: 0 | Q3: 427.512 | R3: 0 | S3: 507.76 | T3: 0 | U3: 14.168 | V3: 0 | W3: 17.0334 | X3: 0 | Y3: 3.72377 | Z3: 0 | AA3: 3.03796 | AB3: 0 | AC3: 20 | AD3: 0 | AE3: 17 | AF3: 0 | AG3: 2 | AH3: -1 | AI3: Disabled
A4: 44838.429 | B4: 10/04/2022 10:18:16.595 | C4: 3.63941 | D4: 0.00106904 | E4: 87.0673 | F4: 0.0255751 | G4: 1.92058 | H4: 0.00266303 | I4: 2783.01 | J4: 840.282 | K4: 10746.3 | L4: 228.149 | M4: 857.07 | N4: 1.94216 | O4: 1.92593 | P4: 0.00211667 | Q4: 859.463 | R4: 2.60082 | S4: 507.743 | T4: 0.0307744 | U4: 14.1648 | V4: 0.00286805 | W4: 17.0356 | X4: 0.0160398 | Y4: 3.72452 | Z4: 0.00112189 | AA4: 3.03786 | AB4: 0.000416981 | AC4: 20 | AD4: 0 | AE4: 17 | AF4: 0 | AG4: 2 | AH4: -1 | AI4: Disabled
A5: 44838.429 | B5: 10/04/2022 10:18:21.568 | C5: 3.63857 | D5: 0.00146066 | E5: 87.0472 | F5: 0.0349439 | G5: 1.92438 | H5: 0.00363289 | I5: 4235.19 | J5: 394.818 | K5: 10630.9 | L5: 303.018 | M5: 864.461 | N5: 1.4234 | O5: 1.93257 | P5: 0.00421924 | Q5: 868.138 | R5: 1.70147 | S5: 507.753 | T5: 0.0299492 | U5: 14.1589 | V5: 0.000770588 | W5: 17.0572 | X5: 0.010957 | Y5: 3.72385 | Z5: 0.000199009 | AA5: 3.0371 | AB5: 0.000371263 | AC5: 20 | AD5: 0 | AE5: 17 | AF5: 0 | AG5: 2 | AH5: -1 | AI5: Disabled
A6: 44838.429 | B6: 10/04/2022 10:18:26.541 | C6: 3.63676 | D6: 0.00132289 | E6: 87.0038 | F6: 0.031648 | G6: 1.92415 | H6: 0.00127904 | I6: 6036.46 | J6: 552.958 | K6: 10676.3 | L6: 214.891 | M6: 866.922 | N6: 1.48574 | O6: 1.93584 | P6: 0.00209683 | Q6: 872.188 | R6: 1.96634 | S6: 507.761 | T6: 0.0144471 | U6: 14.1607 | V6: 0.0033516 | W6: 17.0785 | X6: 0.0365115 | Y6: 3.72341 | Z6: 0.000548593 | AA6: 3.03748 | AB6: 0.000385639 | AC6: 20 | AD6: 0 | AE6: 17 | AF6: 0 | AG6: 3 | AH6: -1 | AI6: Disabled
A7: 44838.43 | B7: 10/04/2022 10:18:31.521 | C7: 3.63597 | D7: 0.00130819 | E7: 86.985 | F7: 0.0312964 | G7: 1.92501 | H7: 0.00204844 | I7: 6358.62 | J7: 406.111 | K7: 10681.8 | L7: 239.541 | M7: 869.778 | N7: 1.04667 | O7: 1.93733 | P7: 0.00193323 | Q7: 875.344 | R7: 1.17485 | S7: 507.724 | T7: 0.0548227 | U7: 14.1609 | V7: 0.0050294 | W7: 17.091 | X7: 0.023571 | Y7: 3.72337 | Z7: 0.000316757 | AA7: 3.03693 | AB7: 0.000504146 | AC7: 20 | AD7: 0 | AE7: 17 | AF7: 0 | AG7: 3 | AH7: -1 | AI7: Disabled
A8: 44838.43 | B8: 10/04/2022 10:18:36.493 | C8: 3.63382 | D8: 0.00113742 | E8: 86.9336 | F8: 0.027211 | G8: 1.92714 | H8: 0.00406584 | I8: 7308.31 | J8: 560.576 | K8: 10766.1 | L8: 463.851 | M8: 871.364 | N8: 1.28276 | O8: 1.94133 | P8: 0.00431501 | Q8: 877.779 | R8: 1.2954 | S8: 507.752 | T8: 0.0437165 | U8: 14.1672 | V8: 0.010284 | W8: 17.1268 | X8: 0.0191142 | Y8: 3.72316 | Z8: 0.000497983 | AA8: 3.0371 | AB8: 0.000264914 | AC8: 20 | AD8: 0 | AE8: 17 | AF8: 0 | AG8: 3 | AH8: -1 | AI8: Disabled
A9: 44838.43 | B9: 10/04/2022 10:18:41.465 | C9: 3.63359 | D9: 0.000495247 | E9: 86.9279 | F9: 0.011848 | G9: 1.93063 | H9: 0.00237245 | I9: 7606.09 | J9: 662.809 | K9: 10860.2 | L9: 425.22 | M9: 874.826 | N9: 1.13524 | O9: 1.94542 | P9: 0.00291319 | Q9: 881.532 | R9: 1.54726 | S9: 507.733 | T9: 0.0548648 | U9: 14.1605 | V9: 0.00882173 | W9: 17.1575 | X9: 0.0272332 | Y9: 3.72195 | Z9: 0.000682863 | AA9: 3.03681 | AB9: 0.000463218 | AC9: 20 | AD9: 0 | AE9: 17 | AF9: 0 | AG9: 3 | AH9: -1 | AI9: Disabled
A10: 44838.43 | B10: 10/04/2022 10:18:46.439 | C10: 3.63289 | D10: 0.00144015 | E10: 86.9112 | F10: 0.0344534 | G10: 1.93041 | H10: 0.00320161 | I10: 7791.87 | J10: 328.108 | K10: 10690.2 | L10: 119.668 | M10: 876.026 | N10: 1.09157 | O10: 1.94557 | P10: 0.00366442 | Q10: 882.905 | R10: 1.20193 | S10: 507.713 | T10: 0.0453368 | U10: 14.1541 | V10: 0.0087883 | W10: 17.1833 | X10: 0.0237966 | Y10: 3.72219 | Z10: 0.000472232 | AA10: 3.03685 | AB10: 0.000822044 | AC10: 20 | AD10: 0 | AE10: 17 | AF10: 0 | AG10: 3 | AH10: -1 | AI10: Disabled
A11: 44838.43 | B11: 10/04/2022 10:18:51.411 | C11: 3.63246 | D11: 0.00121149 | E11: 86.9011 | F11: 0.0289831 | G11: 1.93211 | H11: 0.00347416 | I11: 8235.83 | J11: 320.516 | K11: 10842.5 | L11: 300.381 | M11: 877.786 | N11: 1.0734 | O11: 1.94815 | P11: 0.00319571 | Q11: 885.076 | R11: 1.14028 | S11: 507.697 | T11: 0.049449 | U11: 14.1462 | V11: 0.00232943 | W11: 17.1899 | X11: 0.0296315 | Y11: 3.72199 | Z11: 0.00041535 | AA11: 3.03713 | AB11: 0.000466585 | AC11: 20 | AD11: 0 | AE11: 17 | AF11: 0 | AG11: 3 | AH11: -1 | AI11: Disabled
A12: 44838.43 | B12: 10/04/2022 10:18:56.383 | C12: 3.63086 | D12: 0.00167617 | E12: 86.8626 | F12: 0.0400997 | G12: 1.93231 | H12: 0.00234679 | I12: 8255.07 | J12: 343.526 | K12: 10773.2 | L12: 427.128 | M12: 878.917 | N12: 0.90498 | O12: 1.94839 | P12: 0.00268241 | Q12: 886.233 | R12: 0.837941 | S12: 507.697 | T12: 0.0450291 | U12: 14.148 | V12: 0.00382317 | W12: 17.2085 | X12: 0.0227274 | Y12: 3.7218 | Z12: 0.000549135 | AA12: 3.03647 | AB12: 0.000524441 | AC12: 20 | AD12: 0 | AE12: 17 | AF12: 0 | AG12: 3 | AH12: -1 | AI12: Disabled
A13: 44838.43 | B13: 10/04/2022 10:19:01.357 | C13: 3.63049 | D13: 0.00118681 | E13: 86.8539 | F13: 0.0283925 | G13: 1.93253 | H13: 0.00508014 | I13: 8866.29 | J13: 359.701 | K13: 11036.5 | L13: 462.107 | M13: 878.826 | N13: 2.04374 | O13: 1.94982 | P13: 0.00572616 | Q13: 886.688 | R13: 2.13249 | S13: 507.678 | T13: 0.056018 | U13: 14.1473 | V13: 0.00422216 | W13: 17.2346 | X13: 0.0224957 | Y13: 3.72097 | Z13: 0.000747112 | AA13: 3.03584 | AB13: 0.000432972 | AC13: 20 | AD13: 0 | AE13: 17 | AF13: 0 | AG13: 3 | AH13: -1 | AI13: Disabled
A14: 44838.43 | B14: 10/04/2022 10:19:06.328 | C14: 3.62779 | D14: 0.00514383 | E14: 86.7892 | F14: 0.123058 | G14: 1.93215 | H14: 0.00555321 | I14: 8992.94 | J14: 335.598 | K14: 11061.5 | L14: 266.161 | M14: 881.066 | N14: 2.35577 | O14: 1.94968 | P14: 0.0054212 | Q14: 889.061 | R14: 2.29677 | S14: 507.642 | T14: 0.06755 | U14: 14.1426 | V14: 0.00189531 | W14: 17.2468 | X14: 0.0287507 | Y14: 3.72145 | Z14: 0.000603824 | AA14: 3.03621 | AB14: 0.000406385 | AC14: 20 | AD14: 0 | AE14: 10.6 | AF14: 3.57771 | AG14: 3 | AH14: -1 | AI14: Disabled
... A1076: 44838.491 | B1076: 10/04/2022 11:47:07.893 | C1076: 2.90092 | D1076: 0.00392502 | E1076: 69.4 | F1076: 0.0939 | G1076: 1.988 | H1076: 0.00300572 | I1076: 11442.7 | J1076: 191.363 | K1076: 14030.3 | L1076: 46.0614 | M1076: 642.151 | N1076: 0.88048 | O1076: 2.01101 | P1076: 0.00298001 | Q1076: 649.584 | R1076: 0.887508 | S1076: 506.786 | T1076: 0.0721745 | U1076: 24.4011 | V1076: 0.00150436 | W1076: 29.0026 | X1076: 0.0349908 | Y1076: 3.72421 | Z1076: 0.000419161 | AA1076: 3.0305 | AB1076: 0.00041661 | AC1076: 20 | AD1076: 0 | AE1076: 9 | AF1076: 0 | AG1076: 3 | AH1076: -1 | AI1076: Disabled

Sheet f0002
A1: SN:3K60180500001585 BD:Jul 23 2018 VC:834b9c1 MD5:48f99e4865ed8b810be1bb0eaaabf929
A2: SysTime | B2: Time | C2: Batt_v | D2: Batt_v_sd | E2: BATT_PERCENT | F2: BATT_PERCENT_sd | G2: [CH4]_ppm | H2: [CH4]_ppm_sd | I2: [H2O]_ppm | J2: [H2O]_ppm_sd | K2: [H2Oa]_ppm | L2: [H2Oa]_ppm_sd | M2: [CO2]_ppm | N2: [CO2]_ppm_sd | O2: [CH4]d_ppm | P2: [CH4]d_ppm_sd | Q2: [CO2]d_ppm | R2: [CO2]d_ppm_sd | S2: GasP_torr | T2: GasP_torr_sd | U2: GasT_C | V2: GasT_C_sd | W2: AmbT_C | X2: AmbT_C_sd | Y2: RD0_us | Z2: RD0_us_sd | AA2: RD1_us | AB2: RD1_us_sd | AC2: Temp_Status_mA | AD2: Temp_Status_mA_sd | AE2: Analyzer_Status_mA | AF2: Analyzer_Status_mA_sd | AG2: Fit_Flag | AH2: MIU_VALVE | AI2: MIU_DESC
A3: 44838.522 | B3: 10/04/2022 12:31:06.595 | C3: 4.00643 | D3: 0 | E3: 47.9237 | F3: 0 | G3: 1.9721 | H3: 0 | I3: 4147.67 | J3: 0 | K3: 13407.3 | L3: 0 | M3: 675.401 | N3: 0 | O3: 0.990157 | P3: 0 | Q3: 339.107 | R3: 0 | S3: 507.226 | T3: 0 | U3: 22.2654 | V3: 0 | W3: 25.5574 | X3: 0 | Y3: 3.72412 | Z3: 0 | AA3: 3.03528 | AB3: 0 | AC3: 20 | AD3: 0 | AE3: 17 | AF3: 0 | AG3: 2 | AH3: -1 | AI3: Disabled
A4: 44838.522 | B4: 10/04/2022 12:31:11.568 | C4: 4.00641 | D4: 0.000575033 | E4: 95.847 | F4: 0.0137568 | G4: 1.97129 | H4: 0.00404979 | I4: 5355.32 | J4: 428.575 | K4: 13628 | L4: 165.268 | M4: 659.862 | N4: 12.8291 | O4: 1.9819 | P4: 0.00335037 | Q4: 663.41 | R4: 12.6319 | S4: 507.248 | T4: 0.0223115 | U4: 22.2797 | V4: 0.00784264 | W4: 25.5146 | X4: 0.0323211 | Y4: 3.72356 | Z4: 0.00074176 | AA4: 3.03549 | AB4: 0.000450878 | AC4: 20 | AD4: 0 | AE4: 17 | AF4: 0 | AG4: 2 | AH4: -1 | AI4: Disabled
A5: 44838.522 | B5: 10/04/2022 12:31:16.540 | C5: 4.00626 | D5: 0.000439846 | E5: 95.8435 | F5: 0.0105226 | G5: 1.96557 | H5: 0.0034193 | I5: 6740.4 | J5: 523.315 | K5: 13663.6 | L5: 163.661 | M5: 640.423 | N5: 1.35239 | O5: 1.97891 | P5: 0.0040183 | Q5: 644.769 | R5: 1.67405 | S5: 507.246 | T5: 0.0147589 | U5: 22.2784 | V5: 0.0135511 | W5: 25.4549 | X5: 0.0413968 | Y5: 3.72347 | Z5: 0.000616451 | AA5: 3.03572 | AB5: 0.00059814 | AC5: 20 | AD5: 0 | AE5: 17 | AF5: 0 | AG5: 2 | AH5: -1 | AI5: Disabled
A6: 44838.522 | B6: 10/04/2022 12:31:21.513 | C6: 4.00681 | D6: 0.000115962 | E6: 95.8568 | F6: 0.00277422 | G6: 1.96794 | H6: 0.00580385 | I6: 6813.64 | J6: 272.621 | K6: 13790.2 | L6: 130.95 | M6: 639.848 | N6: 2.55731 | O6: 1.98144 | P6: 0.00595792 | Q6: 644.238 | R6: 2.67902 | S6: 507.238 | T6: 0.0514181 | U6: 22.2899 | V6: 0.0217023 | W6: 25.4326 | X6: 0.0204773 | Y6: 3.72267 | Z6: 0.00042554 | AA6: 3.03664 | AB6: 0.000363347 | AC6: 20 | AD6: 0 | AE6: 17 | AF6: 0 | AG6: 3 | AH6: -1 | AI6: Disabled
A7: 44838.522 | B7: 10/04/2022 12:31:26.486 | C7: 4.00735 | D7: 0.000572534 | E7: 95.8697 | F7: 0.013697 | G7: 1.965 | H7: 0.00586183 | I7: 7397.45 | J7: 229.768 | K7: 13797.2 | L7: 149.978 | M7: 631.519 | N7: 11.4291 | O7: 1.97965 | P7: 0.00554192 | Q7: 636.223 | R7: 11.3836 | S7: 507.235 | T7: 0.0102928 | U7: 22.3518 | V7: 0.0523107 | W7: 25.407 | X7: 0.014269 | Y7: 3.72285 | Z7: 0.000437132 | AA7: 3.03736 | AB7: 0.000246576 | AC7: 20 | AD7: 0 | AE7: 17 | AF7: 0 | AG7: 3 | AH7: -1 | AI7: Disabled
A8: 44838.522 | B8: 10/04/2022 12:31:31.458 | C8: 4.00788 | D8: 0.000285201 | E8: 95.8822 | F8: 0.00682299 | G8: 1.96023 | H8: 0.00384186 | I8: 8680.12 | J8: 867.27 | K8: 13765.5 | L8: 111.22 | M8: 611.953 | N8: 3.30473 | O8: 1.97739 | P8: 0.00511142 | Q8: 617.31 | R8: 2.93626 | S8: 507.214 | T8: 0.0152444 | U8: 22.291 | V8: 0.0215333 | W8: 25.4175 | X8: 0.0217975 | Y8: 3.72255 | Z8: 0.000803886 | AA8: 3.03802 | AB8: 0.000364284 | AC8: 20 | AD8: 0 | AE8: 17 | AF8: 0 | AG8: 3 | AH8: -1 | AI8: Disabled
A9: 44838.522 | B9: 10/04/2022 12:31:36.431 | C9: 4.0084 | D9: 0.000400571 | E9: 95.8947 | F9: 0.00958304 | G9: 1.96024 | H9: 0.0037591 | I9: 9994.07 | J9: 69.4719 | K9: 14012 | L9: 158.552 | M9: 606.915 | N9: 5.07975 | O9: 1.98003 | P9: 0.00385212 | Q9: 613.042 | R9: 5.13322 | S9: 507.207 | T9: 0.0301145 | U9: 22.2718 | V9: 0.0261249 | W9: 25.3752 | X9: 0.0357948 | Y9: 3.72189 | Z9: 0.000307303 | AA9: 3.03882 | AB9: 0.000547363 | AC9: 20 | AD9: 0 | AE9: 17 | AF9: 0 | AG9: 3 | AH9: -1 | AI9: Disabled
A10: 44838.522 | B10: 10/04/2022 12:31:41.405 | C10: 4.00896 | D10: 0.00046449 | E10: 95.9082 | F10: 0.0111122 | G10: 1.96209 | H10: 0.00108224 | I10: 10457.1 | J10: 180.775 | K10: 13947 | L10: 70.9628 | M10: 588.163 | N10: 50.4667 | O10: 1.98283 | P10: 0.000826048 | Q10: 594.38 | R10: 51.0178 | S10: 507.216 | T10: 0.0521317 | U10: 22.2756 | V10: 0.011347 | W10: 25.3464 | X10: 0.0345558 | Y10: 3.72239 | Z10: 0.000401072 | AA10: 3.03881 | AB10: 0.00120733 | AC10: 20 | AD10: 0 | AE10: 16 | AF10: 2.23607 | AG10: 3 | AH10: -1 | AI10: Disabled
A11: 44838.522 | B11: 10/04/2022 12:31:46.377 | C11: 4.00986 | D11: 0.000382588 | E11: 95.9296 | F11: 0.00915283 | G11: 1.95757 | H11: 0.00207465 | I11: 10825.7 | J11: 138.583 | K11: 14100.7 | L11: 119.327 | M11: 599.203 | N11: 4.92444 | O11: 1.97899 | P11: 0.00200225 | Q11: 605.76 | R11: 4.95838 | S11: 507.195 | T11: 0.0288489 | U11: 22.2729 | V11: 0.0154681 | W11: 25.3241 | X11: 0.0102516 | Y11: 3.72257 | Z11: 0.000499206 | AA11: 3.03649 | AB11: 0.000889097 | AC11: 20 | AD11: 0 | AE11: 17 | AF11: 0 | AG11: 3 | AH11: -1 | AI11: Disabled
A12: 44838.522 | B12: 10/04/2022 12:31:51.349 | C12: 4.01033 | D12: 0.000173573 | E12: 95.9409 | F12: 0.00415247 | G12: 1.957 | H12: 0.00372387 | I12: 10912.1 | J12: 146.91 | K12: 13896.1 | L12: 104.23 | M12: 587.076 | N12: 5.57961 | O12: 1.97859 | P12: 0.00394242 | Q12: 593.553 | R12: 5.60646 | S12: 507.202 | T12: 0.0099218 | U12: 22.2756 | V12: 0.00975674 | W12: 25.2866 | X12: 0.0148625 | Y12: 3.72174 | Z12: 0.000401322 | AA12: 3.03611 | AB12: 0.00036562 | AC12: 20 | AD12: 0 | AE12: 17 | AF12: 0 | AG12: 3 | AH12: -1 | AI12: Disabled
A13: 44838.522 | B13: 10/04/2022 12:31:56.322 | C13: 4.01092 | D13: 0.000323561 | E13: 95.9549 | F13: 0.00774069 | G13: 1.95228 | H13: 0.0042566 | I13: 11053.7 | J13: 193.869 | K13: 13899.4 | L13: 126.018 | M13: 571.738 | N13: 3.64601 | O13: 1.9741 | P13: 0.00453561 | Q13: 578.129 | R13: 3.72622 | S13: 507.21 | T13: 0.025135 | U13: 22.2613 | V13: 0.0132239 | W13: 25.2493 | X13: 0.0172445 | Y13: 3.72159 | Z13: 0.000466312 | AA13: 3.03563 | AB13: 0.000344367 | AC13: 20 | AD13: 0 | AE13: 17 | AF13: 0 | AG13: 3 | AH13: -1 | AI13: Disabled
A14: 44838.522 | B14: 10/04/2022 12:32:01.296 | C14: 4.01213 | D14: 0.000389943 | E14: 95.9839 | F14: 0.00932877 | G14: 1.95212 | H14: 0.00266954 | I14: 11351.6 | J14: 84.4299 | K14: 13896.6 | L14: 30.315 | M14: 573.279 | N14: 0.997444 | O14: 1.97454 | P14: 0.00274191 | Q14: 579.862 | R14: 1.02928 | S14: 507.202 | T14: 0.0165256 | U14: 22.2585 | V14: 0.0139235 | W14: 25.2405 | X14: 0.00785302 | Y14: 3.72212 | Z14: 0.000420519 | AA14: 3.03532 | AB14: 0.000462221 | AC14: 20 | AD14: 0 | AE14: 17 | AF14: 0 | AG14: 3 | AH14: -1 | AI14: Disabled
... A234: 44838.535 | B234: 10/04/2022 12:50:15.342 | C234: 4.053 | D234: 0.00306498 | E234: 96.9617 | F234: 0.0733249 | G234: 1.91699 | H234: 0.00180498 | I234: 11657.5 | J234: 202.626 | K234: 14551.6 | L234: 252.238 | M234: 545.367 | N234: 0.818576 | O234: 1.9396 | P234: 0.00172872 | Q234: 551.8 | R234: 0.864294 | S234: 506.869 | T234: 0.0390279 | U234: 22.093 | V234: 0.000678002 | W234: 25.8944 | X234: 0.0343824 | Y234: 3.71879 | Z234: 0.00017988 | AA234: 3.03449 | AB234: 0.00034287 | AC234: 20 | AD234: 0 | AE234: 17 | AF234: 0 | AG234: 3 | AH234: -1 | AI234: Disabled

Sheet f0003
A1: SN:3K60180500001585 BD:Jul 23 2018 VC:834b9c1 MD5:48f99e4865ed8b810be1bb0eaaabf929
A2: SysTime | B2: Time | C2: Batt_v | D2: Batt_v_sd | E2: BATT_PERCENT | F2: BATT_PERCENT_sd | G2: [CH4]_ppm | H2: [CH4]_ppm_sd | I2: [H2O]_ppm | J2: [H2O]_ppm_sd | K2: [H2Oa]_ppm | L2: [H2Oa]_ppm_sd | M2: [CO2]_ppm | N2: [CO2]_ppm_sd | O2: [CH4]d_ppm | P2: [CH4]d_ppm_sd | Q2: [CO2]d_ppm | R2: [CO2]d_ppm_sd | S2: GasP_torr | T2: GasP_torr_sd | U2: GasT_C | V2: GasT_C_sd | W2: AmbT_C | X2: AmbT_C_sd | Y2: RD0_us | Z2: RD0_us_sd | AA2: RD1_us | AB2: RD1_us_sd | AC2: Temp_Status_mA | AD2: Temp_Status_mA_sd | AE2: Analyzer_Status_mA | AF2: Analyzer_Status_mA_sd | AG2: Fit_Flag | AH2: MIU_VALVE | AI2: MIU_DESC
A3: 44838.536 | B3: 10/04/2022 12:51:49.988 | C3: 4.07067 | D3: 0 | E3: 48.6923 | F3: 0 | G3: 1.90527 | H3: 0 | I3: 4114.43 | J3: 0 | K3: 13856.7 | L3: 0 | M3: 586.333 | N3: 0 | O3: 0.956573 | P3: 0 | Q3: 294.378 | R3: 0 | S3: 506.838 | T3: 0 | U3: 22.1306 | V3: 0 | W3: 26.3872 | X3: 0 | Y3: 3.72318 | Z3: 0 | AA3: 3.03546 | AB3: 0 | AC3: 20 | AD3: 0 | AE3: 17 | AF3: 0 | AG3: 2 | AH3: -1 | AI3: Disabled
A4: 44838.536 | B4: 10/04/2022 12:51:54.961 | C4: 4.07127 | D4: 0.000628245 | E4: 97.3987 | F4: 0.0150298 | G4: 1.90786 | H4: 0.0009882 | I4: 4908.57 | J4: 615.402 | K4: 13980.9 | L4: 154.469 | M4: 590.807 | N4: 2.16887 | O4: 1.91727 | P4: 0.00195214 | Q4: 593.722 | R4: 2.48502 | S4: 506.855 | T4: 0.0129516 | U4: 22.1378 | V4: 0.00438077 | W4: 26.3978 | X4: 0.0285659 | Y4: 3.72319 | Z4: 0.000396505 | AA4: 3.03534 | AB4: 0.000386872 | AC4: 20 | AD4: 0 | AE4: 17 | AF4: 0 | AG4: 2 | AH4: -1 | AI4: Disabled
A5: 44838.536 | B5: 10/04/2022 12:51:59.934 | C5: 4.067 | D5: 0.00340773 | E5: 97.2966 | F5: 0.0815247 | G5: 1.90866 | H5: 0.0020972 | I5: 6414.47 | J5: 353.829 | K5: 14220.2 | L5: 121.52 | M5: 595.091 | N5: 1.6379 | O5: 1.92098 | P5: 0.00242544 | Q5: 598.933 | R5: 1.82981 | S5: 506.881 | T5: 0.0233016 | U5: 22.1315 | V5: 0.00612462 | W5: 26.4044 | X5: 0.0212478 | Y5: 3.72188 | Z5: 0.000630974 | AA5: 3.03511 | AB5: 0.000220193 | AC5: 20 | AD5: 0 | AE5: 17 | AF5: 0 | AG5: 2 | AH5: -1 | AI5: Disabled
A6: 44838.536 | B6: 10/04/2022 12:52:04.907 | C6: 4.06657 | D6: 0.00126104 | E6: 97.2864 | F6: 0.0301684 | G6: 1.90993 | H6: 0.00130198 | I6: 8199.2 | J6: 167.953 | K6: 14150.8 | L6: 106.695 | M6: 599.279 | N6: 0.913359 | O6: 1.92571 | P6: 0.00147467 | Q6: 604.233 | R6: 0.844491 | S6: 506.881 | T6: 0.038983 | U6: 22.1364 | V6: 0.0123503 | W6: 26.4282 | X6: 0.0115025 | Y6: 3.72234 | Z6: 0.000359317 | AA6: 3.03492 | AB6: 0.00022254 | AC6: 20 | AD6: 0 | AE6: 17 | AF6: 0 | AG6: 3 | AH6: -1 | AI6: Disabled
A7: 44838.536 | B7: 10/04/2022 12:52:09.879 | C7: 4.06681 | D7: 0.000747474 | E7: 97.292 | F7: 0.0178821 | G7: 1.90971 | H7: 0.00328648 | I7: 7957.62 | J7: 766.194 | K7: 14257.5 | L7: 129.112 | M7: 600.524 | N7: 1.0435 | O7: 1.92503 | P7: 0.00379419 | Q7: 605.341 | R7: 0.670664 | S7: 506.88 | T7: 0.0422829 | U7: 22.1396 | V7: 0.00486424 | W7: 26.4237 | X7: 0.0286177 | Y7: 3.72154 | Z7: 0.000490837 | AA7: 3.03478 | AB7: 0.000314097 | AC7: 20 | AD7: 0 | AE7: 17 | AF7: 0 | AG7: 3 | AH7: -1 | AI7: Disabled
A8: 44838.536 | B8: 10/04/2022 12:52:14.852 | C8: 4.06976 | D8: 0.00154173 | E8: 97.3628 | F8: 0.0368835 | G8: 1.91178 | H8: 0.00303554 | I8: 8296.51 | J8: 557.251 | K8: 14190.8 | L8: 103.551 | M8: 601.244 | N8: 1.31159 | O8: 1.92777 | P8: 0.00245013 | Q8: 606.274 | R8: 1.43811 | S8: 506.856 | T8: 0.038611 | U8: 22.1346 | V8: 0.00370176 | W8: 26.436 | X8: 0.0290433 | Y8: 3.72158 | Z8: 0.000382011 | AA8: 3.03424 | AB8: 0.000346964 | AC8: 20 | AD8: 0 | AE8: 17 | AF8: 0 | AG8: 3 | AH8: -1 | AI8: Disabled
A9: 44838.536 | B9: 10/04/2022 12:52:19.825 | C9: 4.06965 | D9: 0.00243682 | E9: 97.3601 | F9: 0.0582972 | G9: 1.91144 | H9: 0.00247357 | I9: 10072.7 | J9: 116.244 | K9: 14312.8 | L9: 116.579 | M9: 605.344 | N9: 0.813709 | O9: 1.93089 | P9: 0.00243843 | Q9: 611.504 | R9: 0.846912 | S9: 506.84 | T9: 0.0465645 | U9: 22.119 | V9: 0.00349388 | W9: 26.4012 | X9: 0.0234146 | Y9: 3.7211 | Z9: 0.000297995 | AA9: 3.03442 | AB9: 0.00023891 | AC9: 20 | AD9: 0 | AE9: 17 | AF9: 0 | AG9: 3 | AH9: -1 | AI9: Disabled
A10: 44838.536 | B10: 10/04/2022 12:52:24.798 | C10: 4.06834 | D10: 0.00140047 | E10: 97.3287 | F10: 0.0335041 | G10: 1.91256 | H10: 0.00381665 | I10: 10719.9 | J10: 411.693 | K10: 14396.2 | L10: 326.249 | M10: 606.777 | N10: 1.4998 | O10: 1.93329 | P10: 0.00459141 | Q10: 613.352 | R10: 1.6638 | S10: 506.844 | T10: 0.0463762 | U10: 22.1253 | V10: 0.00609809 | W10: 26.4292 | X10: 0.0350543 | Y10: 3.72082 | Z10: 0.000671873 | AA10: 3.03427 | AB10: 0.000428262 | AC10: 20 | AD10: 0 | AE10: 17 | AF10: 0 | AG10: 3 | AH10: -1 | AI10: Disabled
A11: 44838.536 | B11: 10/04/2022 12:52:29.770 | C11: 4.06939 | D11: 0.0026853 | E11: 97.3539 | F11: 0.0642417 | G11: 1.91284 | H11: 0.00260038 | I11: 10976.2 | J11: 281.37 | K11: 14362.3 | L11: 188.051 | M11: 608.99 | N11: 0.585276 | O11: 1.93407 | P11: 0.0025293 | Q11: 615.748 | R11: 0.491351 | S11: 506.869 | T11: 0.031865 | U11: 22.12 | V11: 0.00307787 | W11: 26.4602 | X11: 0.0306445 | Y11: 3.72053 | Z11: 0.000306165 | AA11: 3.034 | AB11: 0.000471614 | AC11: 20 | AD11: 0 | AE11: 17 | AF11: 0 | AG11: 3 | AH11: -1 | AI11: Disabled
A12: 44838.537 | B12: 10/04/2022 12:52:34.744 | C12: 4.06791 | D12: 0.000763249 | E12: 97.3184 | F12: 0.0182595 | G12: 1.91499 | H12: 0.00115299 | I12: 11392.3 | J12: 123.772 | K12: 14535.8 | L12: 116.881 | M12: 610.964 | N12: 1.42708 | O12: 1.93705 | P12: 0.00110825 | Q12: 618.004 | R12: 1.45848 | S12: 506.858 | T12: 0.0390066 | U12: 22.1207 | V12: 0.00721781 | W12: 26.4772 | X12: 0.0303313 | Y12: 3.72036 | Z12: 0.000882135 | AA12: 3.03421 | AB12: 0.000459178 | AC12: 20 | AD12: 0 | AE12: 17 | AF12: 0 | AG12: 3 | AH12: -1 | AI12: Disabled
A13: 44838.537 | B13: 10/04/2022 12:52:39.715 | C13: 4.0711 | D13: 0.000650697 | E13: 97.3948 | F13: 0.0155669 | G13: 1.91653 | H13: 0.00284304 | I13: 11593.6 | J13: 166.906 | K13: 14545.2 | L13: 68.8528 | M13: 613.659 | N13: 1.22863 | O13: 1.93901 | P13: 0.00289721 | Q13: 620.857 | R13: 1.18936 | S13: 506.894 | T13: 0.0247163 | U13: 22.1305 | V13: 0.00779379 | W13: 26.4846 | X13: 0.0105131 | Y13: 3.71977 | Z13: 0.000506762 | AA13: 3.03397 | AB13: 0.000178055 | AC13: 20 | AD13: 0 | AE13: 17 | AF13: 0 | AG13: 3 | AH13: -1 | AI13: Disabled
A14: 44838.537 | B14: 10/04/2022 12:52:44.689 | C14: 4.06908 | D14: 0.00134372 | E14: 97.3464 | F14: 0.0321464 | G14: 1.91508 | H14: 0.00107491 | I14: 11535.6 | J14: 222.329 | K14: 14513.2 | L14: 122.007 | M14: 615.645 | N14: 1.61757 | O14: 1.93743 | P14: 0.00137503 | Q14: 622.83 | R14: 1.72156 | S14: 506.878 | T14: 0.0728842 | U14: 22.1223 | V14: 0.00176036 | W14: 26.5104 | X14: 0.0190571 | Y14: 3.71955 | Z14: 0.000558168 | AA14: 3.03401 | AB14: 0.000527107 | AC14: 20 | AD14: 0 | AE14: 17 | AF14: 0 | AG14: 3 | AH14: -1 | AI14: Disabled
... A318: 44838.554 | B318: 10/04/2022 13:17:56.522 | C318: 4.11247 | D318: 0.000271126 | E318: 98.3845 | F318: 0.00648626 | G318: 1.92462 | H318: 0.00168398 | I318: 11942.5 | J318: 856.748 | K318: 14970.5 | L318: 114.041 | M318: 534.081 | N318: 0.922968 | O318: 1.94789 | P318: 0.00241241 | Q318: 540.538 | R318: 1.36464 | S318: 506.79 | T318: 0.0332674 | U318: 22.5579 | V318: 0.000997517 | W318: 27.476 | X318: 0.0219824 | Y318: 3.71788 | Z318: 0.000778985 | AA318: 3.03217 | AB318: 0.000242729 | AC318: 20 | AD318: 0 | AE318: 17 | AF318: 0 | AG318: 3 | AH318: -1 | AI318: Disabled

Sheet f0004
A1: SN:3K60180500001585 BD:Jul 23 2018 VC:834b9c1 MD5:48f99e4865ed8b810be1bb0eaaabf929
A2: SysTime | B2: Time | C2: Batt_v | D2: Batt_v_sd | E2: BATT_PERCENT | F2: BATT_PERCENT_sd | G2: [CH4]_ppm | H2: [CH4]_ppm_sd | I2: [H2O]_ppm | J2: [H2O]_ppm_sd | K2: [H2Oa]_ppm | L2: [H2Oa]_ppm_sd | M2: [CO2]_ppm | N2: [CO2]_ppm_sd | O2: [CH4]d_ppm | P2: [CH4]d_ppm_sd | Q2: [CO2]d_ppm | R2: [CO2]d_ppm_sd | S2: GasP_torr | T2: GasP_torr_sd | U2: GasT_C | V2: GasT_C_sd | W2: AmbT_C | X2: AmbT_C_sd | Y2: RD0_us | Z2: RD0_us_sd | AA2: RD1_us | AB2: RD1_us_sd | AC2: Temp_Status_mA | AD2: Temp_Status_mA_sd | AE2: Analyzer_Status_mA | AF2: Analyzer_Status_mA_sd | AG2: Fit_Flag | AH2: MIU_VALVE | AI2: MIU_DESC
A3: 44838.557 | B3: 10/04/2022 13:21:48.389 | C3: 4.11573 | D3: 0.000328131 | E3: 98.4625 | F3: 0.00785001 | G3: 1.91699 | H3: 0.00230079 | I3: 5098.34 | J3: 577.409 | K3: 14520.4 | L3: 145.128 | M3: 656.217 | N3: 2.5388 | O3: 1.92681 | P3: 0.003307 | Q3: 659.581 | R3: 2.91032 | S3: 506.738 | T3: 0.0468058 | U3: 22.5962 | V3: 0.00247235 | W3: 27.2285 | X3: 0.0303842 | Y3: 3.72222 | Z3: 0.000250173 | AA3: 3.03454 | AB3: 0.000478684 | AC3: 20 | AD3: 0 | AE3: 17 | AF3: 0 | AG3: 2 | AH3: -1 | AI3: Disabled
A4: 44838.557 | B4: 10/04/2022 13:21:53.361 | C4: 4.11583 | D4: 0.000122651 | E4: 98.4649 | F4: 0.00293423 | G4: 1.91907 | H4: 0.00259749 | I4: 6868.16 | J4: 666.294 | K4: 14649 | L4: 136.157 | M4: 661.391 | N4: 2.59301 | O4: 1.93235 | P4: 0.00324208 | Q4: 665.967 | R4: 3.02206 | S4: 506.759 | T4: 0.0284053 | U4: 22.5976 | V4: 0.000960794 | W4: 27.2219 | X4: 0.0347351 | Y4: 3.72131 | Z4: 0.000220162 | AA4: 3.03397 | AB4: 0.000339365 | AC4: 20 | AD4: 0 | AE4: 17 | AF4: 0 | AG4: 2 | AH4: -1 | AI4: Disabled
A5: 44838.557 | B5: 10/04/2022 13:21:58.333 | C5: 4.11642 | D5: 0.000216596 | E5: 98.479 | F5: 0.00518172 | G5: 1.92072 | H5: 0.00320114 | I5: 8630.06 | J5: 305.52 | K5: 14861.7 | L5: 110.13 | M5: 665.409 | N5: 0.120675 | O5: 1.93744 | P5: 0.00374971 | Q5: 671.202 | R5: 0.306564 | S5: 506.727 | T5: 0.045838 | U5: 22.5999 | V5: 0.000574263 | W5: 27.1714 | X5: 0.0104834 | Y5: 3.72073 | Z5: 0.00101248 | AA5: 3.0341 | AB5: 0.000224262 | AC5: 20 | AD5: 0 | AE5: 17 | AF5: 0 | AG5: 3 | AH5: -1 | AI5: Disabled
A6: 44838.557 | B6: 10/04/2022 13:22:03.306 | C6: 4.11652 | D6: 0.000182466 | E6: 98.4812 | F6: 0.00436521 | G6: 1.92085 | H6: 0.00244201 | I6: 8274.11 | J6: 693.7 | K6: 14807.3 | L6: 101.13 | M6: 667.254 | N6: 1.00577 | O6: 1.93688 | P6: 0.00366876 | Q6: 672.822 | R6: 1.43091 | S6: 506.746 | T6: 0.0571595 | U6: 22.6009 | V6: 0.000696242 | W6: 27.1497 | X6: 0.0141325 | Y6: 3.72061 | Z6: 0.000654709 | AA6: 3.03358 | AB6: 0.000302823 | AC6: 20 | AD6: 0 | AE6: 17 | AF6: 0 | AG6: 3 | AH6: -1 | AI6: Disabled
A7: 44838.557 | B7: 10/04/2022 13:22:08.278 | C7: 4.11677 | D7: 0.000178654 | E7: 98.4872 | F7: 0.00427401 | G7: 1.92281 | H7: 0.00393765 | I7: 10225 | J7: 228.98 | K7: 14854.2 | L7: 128.278 | M7: 670.867 | N7: 1.68697 | O7: 1.94268 | P7: 0.00423323 | Q7: 677.797 | R7: 1.75006 | S7: 506.793 | T7: 0.026304 | U7: 22.6005 | V7: 0.000957705 | W7: 27.1132 | X7: 0.0344961 | Y7: 3.72074 | Z7: 0.000616978 | AA7: 3.03358 | AB7: 0.000333671 | AC7: 20 | AD7: 0 | AE7: 17 | AF7: 0 | AG7: 3 | AH7: -1 | AI7: Disabled
A8: 44838.557 | B8: 10/04/2022 13:22:13.251 | C8: 4.11703 | D8: 0.00014576 | E8: 98.4937 | F8: 0.00348707 | G8: 1.92238 | H8: 0.00285063 | I8: 10746.9 | J8: 276.119 | K8: 14898.4 | L8: 142.436 | M8: 673.009 | N8: 0.532483 | O8: 1.94326 | P8: 0.00328858 | Q8: 680.321 | R8: 0.696821 | S8: 506.782 | T8: 0.0475633 | U8: 22.6008 | V8: 0.00100091 | W8: 27.0994 | X8: 0.0252413 | Y8: 3.71991 | Z8: 0.00080346 | AA8: 3.0336 | AB8: 0.000266655 | AC8: 20 | AD8: 0 | AE8: 17 | AF8: 0 | AG8: 3 | AH8: -1 | AI8: Disabled
A9: 44838.557 | B9: 10/04/2022 13:22:18.225 | C9: 4.11683 | D9: 0.000201698 | E9: 98.4888 | F9: 0.0048253 | G9: 1.92458 | H9: 0.00368478 | I9: 11240.7 | J9: 181.654 | K9: 14912.3 | L9: 88.2667 | M9: 675.544 | N9: 0.836025 | O9: 1.94646 | P9: 0.00378077 | Q9: 683.224 | R9: 0.944153 | S9: 506.768 | T9: 0.0579216 | U9: 22.5995 | V9: 0.00102851 | W9: 27.0829 | X9: 0.0168162 | Y9: 3.71951 | Z9: 0.000662346 | AA9: 3.03345 | AB9: 0.000204764 | AC9: 20 | AD9: 0 | AE9: 17 | AF9: 0 | AG9: 3 | AH9: -1 | AI9: Disabled
A10: 44838.557 | B10: 10/04/2022 13:22:23.197 | C10: 4.11656 | D10: 0.000204735 | E10: 98.4822 | F10: 0.00489797 | G10: 1.92378 | H10: 0.000849033 | I10: 11500.9 | J10: 87.3221 | K10: 14917.8 | L10: 122.316 | M10: 677.266 | N10: 0.828636 | O10: 1.94616 | P10: 0.000792724 | Q10: 685.146 | R10: 0.834848 | S10: 506.757 | T10: 0.0702528 | U10: 22.599 | V10: 0.00264182 | W10: 27.1109 | X10: 0.0445201 | Y10: 3.71984 | Z10: 0.000380199 | AA10: 3.03334 | AB10: 0.00026008 | AC10: 20 | AD10: 0 | AE10: 17 | AF10: 0 | AG10: 3 | AH10: -1 | AI10: Disabled
A11: 44838.557 | B11: 10/04/2022 13:22:28.169 | C11: 4.11636 | D11: 0.000132089 | E11: 98.4775 | F11: 0.00316003 | G11: 1.92702 | H11: 0.00138271 | I11: 11737.9 | J11: 234.554 | K11: 15087.3 | L11: 126.689 | M11: 680.117 | N11: 1.57515 | O11: 1.94991 | P11: 0.00163493 | Q11: 688.195 | R11: 1.65549 | S11: 506.755 | T11: 0.0665486 | U11: 22.6017 | V11: 0.00313551 | W11: 27.1287 | X11: 0.0155787 | Y11: 3.71954 | Z11: 0.000330961 | AA11: 3.03311 | AB11: 0.000379696 | AC11: 20 | AD11: 0 | AE11: 17 | AF11: 0 | AG11: 3 | AH11: -1 | AI11: Disabled
A12: 44838.557 | B12: 10/04/2022 13:22:33.142 | C12: 4.11656 | D12: 0.00014875 | E12: 98.4822 | F12: 0.00355861 | G12: 1.92662 | H12: 0.00393082 | I12: 11758.3 | J12: 160.958 | K12: 14964.6 | L12: 151.801 | M12: 682.782 | N12: 1.46589 | O12: 1.94955 | P12: 0.00413422 | Q12: 690.905 | R12: 1.46715 | S12: 506.756 | T12: 0.0374519 | U12: 22.6024 | V12: 0.00095466 | W12: 27.1067 | X12: 0.0222152 | Y12: 3.71896 | Z12: 0.000475802 | AA12: 3.03297 | AB12: 0.00013146 | AC12: 20 | AD12: 0 | AE12: 17 | AF12: 0 | AG12: 3 | AH12: -1 | AI12: Disabled
A13: 44838.557 | B13: 10/04/2022 13:22:38.115 | C13: 4.11688 | D13: 0.00028658 | E13: 98.4899 | F13: 0.00685597 | G13: 1.92708 | H13: 0.000988597 | I13: 11992.2 | J13: 200.438 | K13: 15106 | L13: 131.692 | M13: 685.942 | N13: 1.44335 | O13: 1.95047 | P13: 0.00113839 | Q13: 694.268 | R13: 1.5658 | S13: 506.754 | T13: 0.0757101 | U13: 22.6028 | V13: 0.000639325 | W13: 27.1349 | X13: 0.0295549 | Y13: 3.7193 | Z13: 0.000560434 | AA13: 3.03287 | AB13: 0.000244253 | AC13: 20 | AD13: 0 | AE13: 17 | AF13: 0 | AG13: 3 | AH13: -1 | AI13: Disabled
A14: 44838.557 | B14: 10/04/2022 13:22:43.095 | C14: 4.11661 | D14: 0.000290056 | E14: 98.4834 | F14: 0.00693914 | G14: 1.9262 | H14: 0.00171974 | I14: 11905.3 | J14: 121.088 | K14: 14950.7 | L14: 93.8945 | M14: 688.308 | N14: 1.7551 | O14: 1.9494 | P14: 0.00173305 | Q14: 696.601 | R14: 1.78504 | S14: 506.778 | T14: 0.0312264 | U14: 22.6005 | V14: 0.000819904 | W14: 27.1439 | X14: 0.030112 | Y14: 3.71904 | Z14: 0.000630343 | AA14: 3.03285 | AB14: 0.000473396 | AC14: 20 | AD14: 0 | AE14: 17 | AF14: 0 | AG14: 3 | AH14: -1 | AI14: Disabled
... A53: 44838.56 | B53: 10/04/2022 13:25:57.030 | C53: 4.11833 | D53: 0.000174616 | E53: 98.5246 | F53: 0.00417742 | G53: 1.92688 | H53: 0.00205538 | I53: 11540.5 | J53: 983.004 | K53: 15008.4 | L53: 29.3883 | M53: 783.509 | N53: 1.39955 | O53: 1.94938 | P53: 0.0012073 | Q53: 792.657 | R53: 1.64394 | S53: 506.775 | T53: 0.057735 | U53: 22.6277 | V53: 0.00199124 | W53: 27.0915 | X53: 0.0350566 | Y53: 3.71762 | Z53: 0.000551836 | AA53: 3.03168 | AB53: 0.000394351 | AC53: 20 | AD53: 0 | AE53: 17 | AF53: 0 | AG53: 3 | AH53: -1 | AI53: Disabled

Sheet compiled
A1: SysTime | B1: Time | C1: Batt_v | D1: Batt_v_sd | E1: BATT_PERCENT | F1: BATT_PERCENT_sd | G1: [CH4]_ppm | H1: [CH4]_ppm_sd | I1: [H2O]_ppm | J1: [H2O]_ppm_sd | K1: [H2Oa]_ppm | L1: [H2Oa]_ppm_sd | M1: [CO2]_ppm | N1: [CO2]_ppm_sd | O1: [CH4]d_ppm | P1: [CH4]d_ppm_sd | Q1: [CO2]d_ppm | R1: [CO2]d_ppm_sd | S1: GasP_torr | T1: GasP_torr_sd | U1: GasT_C | V1: GasT_C_sd | W1: AmbT_C | X1: AmbT_C_sd | Y1: RD0_us | Z1: RD0_us_sd | AA1: RD1_us | AB1: RD1_us_sd | AC1: Temp_Status_mA | AD1: Temp_Status_mA_sd | AE1: Analyzer_Status_mA | AF1: Analyzer_Status_mA_sd | AG1: Fit_Flag | AH1: MIU_VALVE | AI1: MIU_DESC
A2: 44838.429 | B2: 10/04/2022 10:18:11.622 | C2: 3.63513 | D2: 0 | E2: 43.4824 | F2: 0 | G2: 1.92229 | H2: 0 | I2: 2228.77 | J2: 0 | K2: 10547.4 | L2: 0 | M2: 853.118 | N2: 0 | O2: 0.963294 | P2: 0 | Q2: 427.512 | R2: 0 | S2: 507.76 | T2: 0 | U2: 14.168 | V2: 0 | W2: 17.0334 | X2: 0 | Y2: 3.72377 | Z2: 0 | AA2: 3.03796 | AB2: 0 | AC2: 20 | AD2: 0 | AE2: 17 | AF2: 0 | AG2: 2 | AH2: -1 | AI2: Disabled
A3: 44838.429 | B3: 10/04/2022 10:18:16.595 | C3: 3.63941 | D3: 0.00106904 | E3: 87.0673 | F3: 0.0255751 | G3: 1.92058 | H3: 0.00266303 | I3: 2783.01 | J3: 840.282 | K3: 10746.3 | L3: 228.149 | M3: 857.07 | N3: 1.94216 | O3: 1.92593 | P3: 0.00211667 | Q3: 859.463 | R3: 2.60082 | S3: 507.743 | T3: 0.0307744 | U3: 14.1648 | V3: 0.00286805 | W3: 17.0356 | X3: 0.0160398 | Y3: 3.72452 | Z3: 0.00112189 | AA3: 3.03786 | AB3: 0.000416981 | AC3: 20 | AD3: 0 | AE3: 17 | AF3: 0 | AG3: 2 | AH3: -1 | AI3: Disabled
A4: 44838.429 | B4: 10/04/2022 10:18:21.568 | C4: 3.63857 | D4: 0.00146066 | E4: 87.0472 | F4: 0.0349439 | G4: 1.92438 | H4: 0.00363289 | I4: 4235.19 | J4: 394.818 | K4: 10630.9 | L4: 303.018 | M4: 864.461 | N4: 1.4234 | O4: 1.93257 | P4: 0.00421924 | Q4: 868.138 | R4: 1.70147 | S4: 507.753 | T4: 0.0299492 | U4: 14.1589 | V4: 0.000770588 | W4: 17.0572 | X4: 0.010957 | Y4: 3.72385 | Z4: 0.000199009 | AA4: 3.0371 | AB4: 0.000371263 | AC4: 20 | AD4: 0 | AE4: 17 | AF4: 0 | AG4: 2 | AH4: -1 | AI4: Disabled
A5: 44838.429 | B5: 10/04/2022 10:18:26.541 | C5: 3.63676 | D5: 0.00132289 | E5: 87.0038 | F5: 0.031648 | G5: 1.92415 | H5: 0.00127904 | I5: 6036.46 | J5: 552.958 | K5: 10676.3 | L5: 214.891 | M5: 866.922 | N5: 1.48574 | O5: 1.93584 | P5: 0.00209683 | Q5: 872.188 | R5: 1.96634 | S5: 507.761 | T5: 0.0144471 | U5: 14.1607 | V5: 0.0033516 | W5: 17.0785 | X5: 0.0365115 | Y5: 3.72341 | Z5: 0.000548593 | AA5: 3.03748 | AB5: 0.000385639 | AC5: 20 | AD5: 0 | AE5: 17 | AF5: 0 | AG5: 3 | AH5: -1 | AI5: Disabled
A6: 44838.43 | B6: 10/04/2022 10:18:31.521 | C6: 3.63597 | D6: 0.00130819 | E6: 86.985 | F6: 0.0312964 | G6: 1.92501 | H6: 0.00204844 | I6: 6358.62 | J6: 406.111 | K6: 10681.8 | L6: 239.541 | M6: 869.778 | N6: 1.04667 | O6: 1.93733 | P6: 0.00193323 | Q6: 875.344 | R6: 1.17485 | S6: 507.724 | T6: 0.0548227 | U6: 14.1609 | V6: 0.0050294 | W6: 17.091 | X6: 0.023571 | Y6: 3.72337 | Z6: 0.000316757 | AA6: 3.03693 | AB6: 0.000504146 | AC6: 20 | AD6: 0 | AE6: 17 | AF6: 0 | AG6: 3 | AH6: -1 | AI6: Disabled
A7: 44838.43 | B7: 10/04/2022 10:18:36.493 | C7: 3.63382 | D7: 0.00113742 | E7: 86.9336 | F7: 0.027211 | G7: 1.92714 | H7: 0.00406584 | I7: 7308.31 | J7: 560.576 | K7: 10766.1 | L7: 463.851 | M7: 871.364 | N7: 1.28276 | O7: 1.94133 | P7: 0.00431501 | Q7: 877.779 | R7: 1.2954 | S7: 507.752 | T7: 0.0437165 | U7: 14.1672 | V7: 0.010284 | W7: 17.1268 | X7: 0.0191142 | Y7: 3.72316 | Z7: 0.000497983 | AA7: 3.0371 | AB7: 0.000264914 | AC7: 20 | AD7: 0 | AE7: 17 | AF7: 0 | AG7: 3 | AH7: -1 | AI7: Disabled
A8: 44838.43 | B8: 10/04/2022 10:18:41.465 | C8: 3.63359 | D8: 0.000495247 | E8: 86.9279 | F8: 0.011848 | G8: 1.93063 | H8: 0.00237245 | I8: 7606.09 | J8: 662.809 | K8: 10860.2 | L8: 425.22 | M8: 874.826 | N8: 1.13524 | O8: 1.94542 | P8: 0.00291319 | Q8: 881.532 | R8: 1.54726 | S8: 507.733 | T8: 0.0548648 | U8: 14.1605 | V8: 0.00882173 | W8: 17.1575 | X8: 0.0272332 | Y8: 3.72195 | Z8: 0.000682863 | AA8: 3.03681 | AB8: 0.000463218 | AC8: 20 | AD8: 0 | AE8: 17 | AF8: 0 | AG8: 3 | AH8: -1 | AI8: Disabled
A9: 44838.43 | B9: 10/04/2022 10:18:46.439 | C9: 3.63289 | D9: 0.00144015 | E9: 86.9112 | F9: 0.0344534 | G9: 1.93041 | H9: 0.00320161 | I9: 7791.87 | J9: 328.108 | K9: 10690.2 | L9: 119.668 | M9: 876.026 | N9: 1.09157 | O9: 1.94557 | P9: 0.00366442 | Q9: 882.905 | R9: 1.20193 | S9: 507.713 | T9: 0.0453368 | U9: 14.1541 | V9: 0.0087883 | W9: 17.1833 | X9: 0.0237966 | Y9: 3.72219 | Z9: 0.000472232 | AA9: 3.03685 | AB9: 0.000822044 | AC9: 20 | AD9: 0 | AE9: 17 | AF9: 0 | AG9: 3 | AH9: -1 | AI9: Disabled
A10: 44838.43 | B10: 10/04/2022 10:18:51.411 | C10: 3.63246 | D10: 0.00121149 | E10: 86.9011 | F10: 0.0289831 | G10: 1.93211 | H10: 0.00347416 | I10: 8235.83 | J10: 320.516 | K10: 10842.5 | L10: 300.381 | M10: 877.786 | N10: 1.0734 | O10: 1.94815 | P10: 0.00319571 | Q10: 885.076 | R10: 1.14028 | S10: 507.697 | T10: 0.049449 | U10: 14.1462 | V10: 0.00232943 | W10: 17.1899 | X10: 0.0296315 | Y10: 3.72199 | Z10: 0.00041535 | AA10: 3.03713 | AB10: 0.000466585 | AC10: 20 | AD10: 0 | AE10: 17 | AF10: 0 | AG10: 3 | AH10: -1 | AI10: Disabled
A11: 44838.43 | B11: 10/04/2022 10:18:56.383 | C11: 3.63086 | D11: 0.00167617 | E11: 86.8626 | F11: 0.0400997 | G11: 1.93231 | H11: 0.00234679 | I11: 8255.07 | J11: 343.526 | K11: 10773.2 | L11: 427.128 | M11: 878.917 | N11: 0.90498 | O11: 1.94839 | P11: 0.00268241 | Q11: 886.233 | R11: 0.837941 | S11: 507.697 | T11: 0.0450291 | U11: 14.148 | V11: 0.00382317 | W11: 17.2085 | X11: 0.0227274 | Y11: 3.7218 | Z11: 0.000549135 | AA11: 3.03647 | AB11: 0.000524441 | AC11: 20 | AD11: 0 | AE11: 17 | AF11: 0 | AG11: 3 | AH11: -1 | AI11: Disabled
A12: 44838.43 | B12: 10/04/2022 10:19:01.357 | C12: 3.63049 | D12: 0.00118681 | E12: 86.8539 | F12: 0.0283925 | G12: 1.93253 | H12: 0.00508014 | I12: 8866.29 | J12: 359.701 | K12: 11036.5 | L12: 462.107 | M12: 878.826 | N12: 2.04374 | O12: 1.94982 | P12: 0.00572616 | Q12: 886.688 | R12: 2.13249 | S12: 507.678 | T12: 0.056018 | U12: 14.1473 | V12: 0.00422216 | W12: 17.2346 | X12: 0.0224957 | Y12: 3.72097 | Z12: 0.000747112 | AA12: 3.03584 | AB12: 0.000432972 | AC12: 20 | AD12: 0 | AE12: 17 | AF12: 0 | AG12: 3 | AH12: -1 | AI12: Disabled
A13: 44838.43 | B13: 10/04/2022 10:19:06.328 | C13: 3.62779 | D13: 0.00514383 | E13: 86.7892 | F13: 0.123058 | G13: 1.93215 | H13: 0.00555321 | I13: 8992.94 | J13: 335.598 | K13: 11061.5 | L13: 266.161 | M13: 881.066 | N13: 2.35577 | O13: 1.94968 | P13: 0.0054212 | Q13: 889.061 | R13: 2.29677 | S13: 507.642 | T13: 0.06755 | U13: 14.1426 | V13: 0.00189531 | W13: 17.2468 | X13: 0.0287507 | Y13: 3.72145 | Z13: 0.000603824 | AA13: 3.03621 | AB13: 0.000406385 | AC13: 20 | AD13: 0 | AE13: 10.6 | AF13: 3.57771 | AG13: 3 | AH13: -1 | AI13: Disabled
... A1674: 44838.56 | B1674: 10/04/2022 13:25:57.030 | C1674: 4.11833 | D1674: 0.000174616 | E1674: 98.5246 | F1674: 0.00417742 | G1674: 1.92688 | H1674: 0.00205538 | I1674: 11540.5 | J1674: 983.004 | K1674: 15008.4 | L1674: 29.3883 | M1674: 783.509 | N1674: 1.39955 | O1674: 1.94938 | P1674: 0.0012073 | Q1674: 792.657 | R1674: 1.64394 | S1674: 506.775 | T1674: 0.057735 | U1674: 22.6277 | V1674: 0.00199124 | W1674: 27.0915 | X1674: 0.0350566 | Y1674: 3.71762 | Z1674: 0.000551836 | AA1674: 3.03168 | AB1674: 0.000394351 | AC1674: 20 | AD1674: 0 | AE1674: 17 | AF1674: 0 | AG1674: 3 | AH1674: -1 | AI1674: Disabled

Sheet 1000cm
A1: Seconds | B1: SysTime | C1: Time | D1: Batt_v | E1: Batt_v_sd | F1: BATT_PERCENT | G1: BATT_PERCENT_sd | H1: [CH4]_ppm | I1: [CH4]_ppm_sd | J1: [H2O]_ppm | K1: [H2O]_ppm_sd | L1: [H2Oa]_ppm | M1: [H2Oa]_ppm_sd | N1: [CO2]_ppm | O1: [CO2]_ppm_sd | P1: [CH4]d_ppm | Q1: [CH4]d_ppm_sd | R1: [CO2]d_ppm | S1: [CO2]d_ppm_sd | T1: GasP_torr | U1: GasP_torr_sd | V1: GasT_C | W1: GasT_C_sd | X1: AmbT_C | Y1: AmbT_C_sd | Z1: RD0_us | AA1: RD0_us_sd | AB1: RD1_us | AC1: RD1_us_sd | AD1: Temp_Status_mA | AE1: Temp_Status_mA_sd | AF1: Analyzer_Status_mA | AG1: Analyzer_Status_mA_sd | AH1: Fit_Flag | AI1: MIU_VALVE | AJ1: MIU_DESC
A2: 0 | B2: 44838.435 | C2: 10/04/2022 10:26:04.096 | D2: 3.56831 | E2: 0.00204445 | F2: 85.3663 | G2: 0.0489102 | H2: 1.92242 | I2: 0.00550113 | J2: 9373.4 | K2: 574.662 | L2: 11010.5 | M2: 497.022 | N2: 567.528 | O2: 2.61447 | P2: 1.94061 | Q2: 0.00635295 | R2: 572.899 | S2: 2.89813 | T2: 507.465 | U2: 0.10918 | V2: 14.7012 | W2: 0.00465171 | X2: 20.2287 | Y2: 0.0482817 | Z2: 3.71691 | AA2: 0.00161354 | AB2: 3.03182 | AC2: 0.000375042 | AD2: 20 | AE2: 0 | AF2: 9 | AG2: 0 | AH2: 3 | AI2: -1 | AJ2: Disabled
A3: 5 | B3: 44838.435 | C3: 10/04/2022 10:26:09.074 | D3: 3.56649 | E3: 0.00162701 | F3: 85.3227 | G3: 0.0389237 | H3: 1.92714 | I3: 0.00591016 | J3: 9206.97 | K3: 565.202 | L3: 11069.9 | M3: 368.034 | N3: 568.797 | O3: 2.47533 | P3: 1.94504 | Q3: 0.00567285 | R3: 574.083 | S3: 2.62315 | T3: 507.48 | U3: 0.120176 | V3: 14.7131 | W3: 0.00505282 | X3: 20.2643 | Y3: 0.0552282 | Z3: 3.71705 | AA3: 0.000936741 | AB3: 3.03219 | AC3: 0.000671893 | AD3: 20 | AE3: 0 | AF3: 9 | AG3: 0 | AH3: 3 | AI3: -1 | AJ3: Disabled
A4: 10 | B4: 44838.435 | C4: 10/04/2022 10:26:14.047 | D4: 3.56561 | E4: 0.00189064 | F4: 85.3017 | G4: 0.0452306 | H4: 1.92642 | I4: 0.00459206 | J4: 8998.25 | K4: 648.252 | L4: 10861.9 | M4: 556.154 | N4: 571.338 | O4: 1.47418 | P4: 1.94391 | Q4: 0.00502192 | R4: 576.526 | S4: 1.50114 | T4: 507.482 | U4: 0.0880366 | V4: 14.7269 | W4: 0.00597387 | X4: 20.2986 | Y4: 0.062964 | Z4: 3.71788 | AA4: 0.00102159 | AB4: 3.03227 | AC4: 0.000565399 | AD4: 20 | AE4: 0 | AF4: 9 | AG4: 0 | AH4: 3 | AI4: -1 | AJ4: Disabled
A5: 15 | B5: 44838.435 | C5: 10/04/2022 10:26:19.020 | D5: 3.56596 | E5: 0.00244839 | F5: 85.31 | G5: 0.0585738 | H5: 1.9297 | I5: 0.00594639 | J5: 9414.45 | K5: 366.168 | L5: 11210.2 | M5: 225.643 | N5: 572.246 | O5: 2.02462 | P5: 1.94804 | Q5: 0.00662594 | R5: 577.684 | S5: 1.99872 | T5: 507.467 | U5: 0.103566 | V5: 14.74 | W5: 0.00692077 | X5: 20.3113 | Y5: 0.0672768 | Z5: 3.71725 | AA5: 0.00135303 | AB5: 3.03177 | AC5: 0.000670275 | AD5: 20 | AE5: 0 | AF5: 9 | AG5: 0 | AH5: 3 | AI5: -1 | AJ5: Disabled
A6: 20 | B6: 44838.435 | C6: 10/04/2022 10:26:23.993 | D6: 3.56611 | E6: 0.00198831 | F6: 85.3136 | G6: 0.0475672 | H6: 1.92352 | I6: 0.00570674 | J6: 9022.38 | K6: 560.621 | L6: 11075.9 | M6: 473.099 | N6: 577.289 | O6: 2.24976 | P6: 1.94103 | Q6: 0.00627623 | R6: 582.546 | S6: 2.51795 | T6: 507.46 | U6: 0.11928 | V6: 14.7505 | W6: 0.00534559 | X6: 20.3385 | Y6: 0.0656504 | Z6: 3.71701 | AA6: 0.000772683 | AB6: 3.03235 | AC6: 0.000726786 | AD6: 20 | AE6: 0 | AF6: 9 | AG6: 0 | AH6: 3 | AI6: -1 | AJ6: Disabled
A7: 25 | B7: 44838.435 | C7: 10/04/2022 10:26:28.971 | D7: 3.56435 | E7: 0.00277128 | F7: 85.2716 | G7: 0.0662986 | H7: 1.92632 | I7: 0.00550042 | J7: 9249.83 | K7: 239.643 | L7: 11145.8 | M7: 174.955 | N7: 579.1 | O7: 1.72328 | P7: 1.94431 | Q7: 0.00595817 | R7: 584.507 | S7: 1.82041 | T7: 507.418 | U7: 0.0870674 | V7: 14.7594 | W7: 0.00237823 | X7: 20.3584 | Y7: 0.0578027 | Z7: 3.71711 | AA7: 0.000953634 | AB7: 3.03211 | AC7: 0.000469377 | AD7: 20 | AE7: 0 | AF7: 9 | AG7: 0 | AH7: 3 | AI7: -1 | AJ7: Disabled
A8: 30 | B8: 44838.435 | C8: 10/04/2022 10:26:33.945 | D8: 3.56205 | E8: 0.00177882 | F8: 85.2165 | G8: 0.0425556 | H8: 1.92812 | I8: 0.00409587 | J8: 9377.44 | K8: 439.082 | L8: 11401.8 | M8: 386.523 | N8: 582.611 | O8: 1.96792 | P8: 1.94637 | Q8: 0.00417168 | R8: 588.126 | S8: 1.81777 | T8: 507.445 | U8: 0.100868 | V8: 14.7714 | W8: 0.00351604 | X8: 20.3951 | Y8: 0.0650164 | Z8: 3.7174 | AA8: 0.00030848 | AB8: 3.03137 | AC8: 0.000622717 | AD8: 20 | AE8: 0 | AF8: 9 | AG8: 0 | AH8: 3 | AI8: -1 | AJ8: Disabled
A9: 35 | B9: 44838.435 | C9: 10/04/2022 10:26:38.917 | D9: 3.56242 | E9: 0.00244596 | F9: 85.2254 | G9: 0.0585157 | H9: 1.92557 | I9: 0.00434889 | J9: 9441.56 | K9: 335.924 | L9: 11191.2 | M9: 324.895 | N9: 584.559 | O9: 1.56648 | P9: 1.94393 | Q9: 0.00433754 | R9: 590.131 | S9: 1.5978 | T9: 507.458 | U9: 0.105085 | V9: 14.7804 | W9: 0.00387758 | X9: 20.4502 | Y9: 0.06762 | Z9: 3.71724 | AA9: 0.000503311 | AB9: 3.03177 | AC9: 0.000668837 | AD9: 20 | AE9: 0 | AF9: 9 | AG9: 0 | AH9: 3 | AI9: -1 | AJ9: Disabled
A10: 40 | B10: 44838.435 | C10: 10/04/2022 10:26:43.890 | D10: 3.56499 | E10: 0.00291704 | F10: 85.2868 | G10: 0.0697857 | H10: 1.92876 | I10: 0.00453003 | J10: 9256.13 | K10: 468.69 | L10: 11092.5 | M10: 517.807 | N10: 585.29 | O10: 1.25392 | P10: 1.94678 | Q10: 0.00455903 | R10: 590.758 | S10: 1.38288 | T10: 507.479 | U10: 0.10929 | V10: 14.7932 | W10: 0.00431211 | X10: 20.4778 | Y10: 0.0790695 | Z10: 3.71665 | AA10: 0.000682771 | AB10: 3.03199 | AC10: 0.00028056 | AD10: 20 | AE10: 0 | AF10: 9 | AG10: 0 | AH10: 3 | AI10: -1 | AJ10: Disabled
A11: 45 | B11: 44838.435 | C11: 10/04/2022 10:26:48.863 | D11: 3.56669 | E11: 0.00154366 | F11: 85.3275 | G11: 0.0369298 | H11: 1.92597 | I11: 0.00790534 | J11: 9098.78 | K11: 405.453 | L11: 11012.9 | M11: 115.243 | N11: 590.48 | O11: 1.40262 | P11: 1.94365 | Q11: 0.00863793 | R11: 595.903 | S11: 1.49886 | T11: 507.454 | U11: 0.144601 | V11: 14.8047 | W11: 0.00784949 | X11: 20.4678 | Y11: 0.0570519 | Z11: 3.71682 | AA11: 0.000645932 | AB11: 3.03164 | AC11: 0.000348464 | AD11: 20 | AE11: 0 | AF11: 9 | AG11: 0 | AH11: 3 | AI11: -1 | AJ11: Disabled
A12: 50 | B12: 44838.435 | C12: 10/04/2022 10:26:53.835 | D12: 3.56547 | E12: 0.00135188 | F12: 85.2983 | G12: 0.0323416 | H12: 1.92553 | I12: 0.00236353 | J12: 9231.13 | K12: 460.246 | L12: 11225.9 | M12: 323.35 | N12: 592.907 | O12: 1.38552 | P12: 1.94348 | Q12: 0.00321885 | R12: 598.432 | S12: 1.658 | T12: 507.409 | U12: 0.0997935 | V12: 14.8204 | W12: 0.00712519 | X12: 20.5141 | Y12: 0.0688437 | Z12: 3.71702 | AA12: 0.000315464 | AB12: 3.03137 | AC12: 0.000681877 | AD12: 20 | AE12: 0 | AF12: 9 | AG12: 0 | AH12: 3 | AI12: -1 | AJ12: Disabled
A13: 55 | B13: 44838.435 | C13: 10/04/2022 10:26:58.808 | D13: 3.56461 | E13: 0.00180941 | F13: 85.2777 | G13: 0.0432873 | H13: 1.92745 | I13: 0.00592563 | J13: 9331.39 | K13: 230.954 | L13: 11209.4 | M13: 225.218 | N13: 594.151 | O13: 1.03982 | P13: 1.94561 | Q13: 0.00577647 | R13: 599.748 | S13: 0.924409 | T13: 507.433 | U13: 0.132646 | V13: 14.8399 | W13: 0.00748418 | X13: 20.5463 | Y13: 0.0675945 | Z13: 3.71724 | AA13: 0.000509176 | AB13: 3.03148 | AC13: 0.000363875 | AD13: 20 | AE13: 0 | AF13: 9 | AG13: 0 | AH13: 3 | AI13: -1 | AJ13: Disabled
... A146: 720 | B146: 44838.443 | C146: 10/04/2022 10:38:00.209 | D146: 3.48383 | E146: 0.00238496 | F146: 83.3452 | G146: 0.0570564 | H146: 1.93253 | I146: 0.000613908 | J146: 9187.08 | K146: 196.565 | L146: 11518.2 | M146: 249.149 | N146: 874.146 | O146: 1.29063 | P146: 1.95045 | Q146: 0.000917459 | R146: 882.252 | S146: 1.30392 | T146: 507.332 | U146: 0.0795921 | V146: 16.7716 | W146: 0.00676007 | X146: 23.2804 | Y146: 0.0969339 | Z146: 3.72218 | AA146: 0.00106512 | AB146: 3.03513 | AC146: 0.000536827 | AD146: 20 | AE146: 0 | AF146: 9 | AG146: 0 | AH146: 3 | AI146: -1 | AJ146: Disabled

Sheet 800cm
A1: Seconds | B1: SysTime | C1: Time | D1: Batt_v | E1: Batt_v_sd | F1: BATT_PERCENT | G1: BATT_PERCENT_sd | H1: [CH4]_ppm | I1: [CH4]_ppm_sd | J1: [H2O]_ppm | K1: [H2O]_ppm_sd | L1: [H2Oa]_ppm | M1: [H2Oa]_ppm_sd | N1: [CO2]_ppm | O1: [CO2]_ppm_sd | P1: [CH4]d_ppm | Q1: [CH4]d_ppm_sd | R1: [CO2]d_ppm | S1: [CO2]d_ppm_sd | T1: GasP_torr | U1: GasP_torr_sd | V1: GasT_C | W1: GasT_C_sd | X1: AmbT_C | Y1: AmbT_C_sd | Z1: RD0_us | AA1: RD0_us_sd | AB1: RD1_us | AC1: RD1_us_sd | AD1: Temp_Status_mA | AE1: Temp_Status_mA_sd | AF1: Analyzer_Status_mA | AG1: Analyzer_Status_mA_sd | AH1: Fit_Flag | AI1: MIU_VALVE | AJ1: MIU_DESC
A2: 0 | B2: 44838.453 | C2: 10/04/2022 10:52:00.689 | D2: 3.40722 | E2: 0.000780476 | F2: 81.5125 | G2: 0.0186717 | H2: 1.91945 | I2: 0.00243254 | J2: 10264.1 | K2: 97.7048 | L2: 13021.3 | M2: 120.211 | N2: 470.761 | O2: 1.24761 | P2: 1.93936 | Q2: 0.0023279 | R2: 475.643 | S2: 1.23252 | T2: 507.177 | U2: 0.0167982 | V2: 19.1523 | W2: 0.00450941 | X2: 25.3566 | Y2: 0.0189802 | Z2: 3.72081 | AA2: 0.000312849 | AB2: 3.03158 | AC2: 0.000365577 | AD2: 20 | AE2: 0 | AF2: 9 | AG2: 0 | AH2: 3 | AI2: -1 | AJ2: Disabled
A3: 5 | B3: 44838.453 | C3: 10/04/2022 10:52:05.662 | D3: 3.40584 | E3: 0.000931739 | F3: 81.4794 | G3: 0.0222904 | H3: 1.9222 | I3: 0.00259766 | J3: 10475.7 | K3: 169.919 | L3: 13094.3 | M3: 138.081 | N3: 471.755 | O3: 1.2987 | P3: 1.94255 | Q3: 0.00280884 | R3: 476.749 | S3: 1.38781 | T3: 507.158 | U3: 0.0439334 | V3: 19.1689 | W3: 0.00328128 | X3: 25.372 | Y3: 0.0185956 | Z3: 3.72003 | AA3: 0.000597215 | AB3: 3.03216 | AC3: 0.000622552 | AD3: 20 | AE3: 0 | AF3: 9 | AG3: 0 | AH3: 3 | AI3: -1 | AJ3: Disabled
A4: 10 | B4: 44838.453 | C4: 10/04/2022 10:52:10.634 | D4: 3.40526 | E4: 0.000471737 | F4: 81.4656 | G4: 0.0112856 | H4: 1.92039 | I4: 0.00295176 | J4: 10312.1 | K4: 279.527 | L4: 12921 | M4: 174.529 | N4: 473.003 | O4: 1.03416 | P4: 1.9404 | Q4: 0.0033755 | R4: 477.932 | S4: 1.14096 | T4: 507.147 | U4: 0.0427047 | V4: 19.1764 | W4: 0.00658054 | X4: 25.4045 | Y4: 0.0140326 | Z4: 3.7209 | AA4: 0.000570026 | AB4: 3.03236 | AC4: 0.000532572 | AD4: 20 | AE4: 0 | AF4: 9 | AG4: 0 | AH4: 3 | AI4: -1 | AJ4: Disabled
A5: 15 | B5: 44838.453 | C5: 10/04/2022 10:52:15.606 | D5: 3.40437 | E5: 0.00094481 | F5: 81.4443 | G5: 0.0226031 | H5: 1.9201 | I5: 0.00205498 | J5: 10575.6 | K5: 90.6738 | L5: 13140.4 | M5: 57.5343 | N5: 474.674 | O5: 1.31822 | P5: 1.94062 | Q5: 0.00193723 | R5: 479.747 | S5: 1.3043 | T5: 507.198 | U5: 0.0180773 | V5: 19.1896 | W5: 0.00204077 | X5: 25.4272 | Y5: 0.0274701 | Z5: 3.72113 | AA5: 0.000301962 | AB5: 3.03247 | AC5: 0.00024315 | AD5: 20 | AE5: 0 | AF5: 9 | AG5: 0 | AH5: 3 | AI5: -1 | AJ5: Disabled
A6: 20 | B6: 44838.453 | C6: 10/04/2022 10:52:20.581 | D6: 3.40442 | E6: 0.00107345 | F6: 81.4453 | G6: 0.0256806 | H6: 1.9204 | I6: 0.00376369 | J6: 10352.5 | K6: 271.413 | L6: 12823.6 | M6: 211.927 | N6: 478.402 | O6: 1.19571 | P6: 1.94049 | Q6: 0.00429851 | R6: 483.407 | S6: 1.31646 | T6: 507.181 | U6: 0.0419756 | V6: 19.2089 | W6: 0.00417432 | X6: 25.4375 | Y6: 0.0244171 | Z6: 3.72128 | AA6: 0.000614744 | AB6: 3.03207 | AC6: 0.000558525 | AD6: 20 | AE6: 0 | AF6: 9 | AG6: 0 | AH6: 3 | AI6: -1 | AJ6: Disabled
A7: 25 | B7: 44838.453 | C7: 10/04/2022 10:52:25.552 | D7: 3.40422 | E7: 0.000867981 | F7: 81.4406 | G7: 0.0207651 | H7: 1.92284 | I7: 0.00381755 | J7: 10311 | K7: 183.648 | L7: 12859.9 | M7: 144.568 | N7: 480.896 | O7: 0.640725 | P7: 1.94288 | Q7: 0.00379211 | R7: 485.906 | S7: 0.695733 | T7: 507.137 | U7: 0.0408333 | V7: 19.2209 | W7: 0.00379609 | X7: 25.4337 | Y7: 0.0141971 | Z7: 3.72014 | AA7: 0.00059431 | AB7: 3.03208 | AC7: 0.000346193 | AD7: 20 | AE7: 0 | AF7: 9 | AG7: 0 | AH7: 3 | AI7: -1 | AJ7: Disabled
A8: 30 | B8: 44838.453 | C8: 10/04/2022 10:52:30.526 | D8: 3.40449 | E8: 0.000989348 | F8: 81.447 | G8: 0.0236686 | H8: 1.92201 | I8: 0.00301547 | J8: 10351.5 | K8: 130.199 | L8: 13002.4 | M8: 66.8474 | N8: 482.501 | O8: 0.705447 | P8: 1.94212 | Q8: 0.00280006 | R8: 487.548 | S8: 0.70965 | T8: 507.17 | U8: 0.0455922 | V8: 19.2294 | W8: 0.00524611 | X8: 25.4401 | Y8: 0.0126384 | Z8: 3.72112 | AA8: 0.000380849 | AB8: 3.03246 | AC8: 0.000493636 | AD8: 20 | AE8: 0 | AF8: 9 | AG8: 0 | AH8: 3 | AI8: -1 | AJ8: Disabled
A9: 35 | B9: 44838.453 | C9: 10/04/2022 10:52:35.498 | D9: 3.40462 | E9: 0.00114902 | F9: 81.4503 | G9: 0.0274886 | H9: 1.92073 | I9: 0.0020964 | J9: 10234.6 | K9: 195.815 | L9: 12833.2 | M9: 197.265 | N9: 485.29 | O9: 2.10378 | P9: 1.94059 | Q9: 0.00200397 | R9: 490.308 | S9: 2.0809 | T9: 507.163 | U9: 0.024297 | V9: 19.2429 | W9: 0.00341129 | X9: 25.4365 | Y9: 0.0212338 | Z9: 3.72073 | AA9: 0.000517004 | AB9: 3.03225 | AC9: 0.000346623 | AD9: 20 | AE9: 0 | AF9: 9 | AG9: 0 | AH9: 3 | AI9: -1 | AJ9: Disabled
A10: 40 | B10: 44838.453 | C10: 10/04/2022 10:52:40.471 | D10: 3.40483 | E10: 0.000255419 | F10: 81.4552 | G10: 0.00611051 | H10: 1.92209 | I10: 0.00239349 | J10: 10300.6 | K10: 210.926 | L10: 12810.9 | M10: 258.036 | N10: 488.502 | O10: 1.41518 | P10: 1.9421 | Q10: 0.00233552 | R10: 493.586 | S10: 1.39204 | T10: 507.114 | U10: 0.0176463 | V10: 19.2555 | W10: 0.00466748 | X10: 25.4567 | Y10: 0.0215855 | Z10: 3.72133 | AA10: 0.000527913 | AB10: 3.03245 | AC10: 0.000495367 | AD10: 20 | AE10: 0 | AF10: 9 | AG10: 0 | AH10: 3 | AI10: -1 | AJ10: Disabled
A11: 45 | B11: 44838.453 | C11: 10/04/2022 10:52:45.443 | D11: 3.40498 | E11: 0.00106626 | F11: 81.4589 | G11: 0.0255085 | H11: 1.92327 | I11: 0.00227915 | J11: 10623.9 | K11: 333.414 | L11: 13010.7 | M11: 156.692 | N11: 491.5 | O11: 0.664814 | P11: 1.94393 | Q11: 0.00196551 | R11: 496.778 | S11: 0.714402 | T11: 507.147 | U11: 0.0214997 | V11: 19.2689 | W11: 0.003963 | X11: 25.4719 | Y11: 0.0324897 | Z11: 3.72179 | AA11: 0.000459169 | AB11: 3.03256 | AC11: 0.000405606 | AD11: 20 | AE11: 0 | AF11: 9 | AG11: 0 | AH11: 3 | AI11: -1 | AJ11: Disabled
A12: 50 | B12: 44838.453 | C12: 10/04/2022 10:52:50.415 | D12: 3.40569 | E12: 0.00104926 | F12: 81.4757 | G12: 0.0251019 | H12: 1.92453 | I12: 0.00347437 | J12: 10331.3 | K12: 116.875 | L12: 12776 | M12: 99.1334 | N12: 493.503 | O12: 1.39569 | P12: 1.94462 | Q12: 0.00343258 | R12: 498.655 | S12: 1.3534 | T12: 507.174 | U12: 0.0285637 | V12: 19.2822 | W12: 0.00252823 | X12: 25.4719 | Y12: 0.0145302 | Z12: 3.72194 | AA12: 0.000627814 | AB12: 3.03304 | AC12: 0.000514802 | AD12: 20 | AE12: 0 | AF12: 9 | AG12: 0 | AH12: 3 | AI12: -1 | AJ12: Disabled
A13: 55 | B13: 44838.453 | C13: 10/04/2022 10:52:55.389 | D13: 3.4049 | E13: 0.00121672 | F13: 81.4569 | G13: 0.0291081 | H13: 1.92359 | I13: 0.0036915 | J13: 10405 | K13: 59.0296 | L13: 12834.3 | M13: 145.46 | N13: 495.821 | O13: 1.90785 | P13: 1.94382 | Q13: 0.00383015 | R13: 501.034 | S13: 1.91117 | T13: 507.124 | U13: 0.0355665 | V13: 19.2944 | W13: 0.00586631 | X13: 25.4967 | Y13: 0.0307177 | Z13: 3.72277 | AA13: 0.000333837 | AB13: 3.03335 | AC13: 0.000341662 | AD13: 20 | AE13: 0 | AF13: 9 | AG13: 0 | AH13: 3 | AI13: -1 | AJ13: Disabled
... A215: 1065 | B215: 44838.465 | C215: 10/04/2022 11:09:39.987 | D215: 3.34061 | E215: 0.00136098 | F215: 79.9189 | G215: 0.0325593 | H215: 1.95654 | I215: 0.0023952 | J215: 10845.5 | K215: 129.089 | L215: 13550.8 | M215: 165.374 | N215: 951.962 | O215: 1.41017 | P215: 1.97799 | Q215: 0.00236962 | R215: 962.399 | S215: 1.50524 | T215: 506.998 | U215: 0.0336427 | V215: 21.5626 | W215: 0.00465417 | X215: 27.212 | Y215: 0.016076 | Z215: 3.72183 | AA215: 0.000727557 | AB215: 3.03159 | AC215: 0.000304079 | AD215: 20 | AE215: 0 | AF215: 9 | AG215: 0 | AH215: 3 | AI215: -1 | AJ215: Disabled

Sheet 600cm
A1: Seconds | B1: SysTime | C1: Time | D1: Batt_v | E1: Batt_v_sd | F1: BATT_PERCENT | G1: BATT_PERCENT_sd | H1: [CH4]_ppm | I1: [CH4]_ppm_sd | J1: [H2O]_ppm | K1: [H2O]_ppm_sd | L1: [H2Oa]_ppm | M1: [H2Oa]_ppm_sd | N1: [CO2]_ppm | O1: [CO2]_ppm_sd | P1: [CH4]d_ppm | Q1: [CH4]d_ppm_sd | R1: [CO2]d_ppm | S1: [CO2]d_ppm_sd | T1: GasP_torr | U1: GasP_torr_sd | V1: GasT_C | W1: GasT_C_sd | X1: AmbT_C | Y1: AmbT_C_sd | Z1: RD0_us | AA1: RD0_us_sd | AB1: RD1_us | AC1: RD1_us_sd | AD1: Temp_Status_mA | AE1: Temp_Status_mA_sd | AF1: Analyzer_Status_mA | AG1: Analyzer_Status_mA_sd | AH1: Fit_Flag | AI1: MIU_VALVE | AJ1: MIU_DESC
A2: 0 | B2: 44838.472 | C2: 10/04/2022 11:19:01.948 | D2: 3.29725 | E2: 0.00464495 | F2: 78.8816 | G2: 0.111123 | H2: 1.92327 | I2: 0.00127391 | J2: 11867.7 | K2: 84.9159 | L2: 14266.4 | M2: 75.4219 | N2: 454.138 | O2: 1.00744 | P2: 1.94637 | Q2: 0.00126544 | R2: 459.592 | S2: 1.00112 | T2: 506.93 | U2: 0.0464483 | V2: 22.6039 | W2: 0.00312993 | X2: 27.7165 | Y2: 0.0246948 | Z2: 3.724 | AA2: 0.000361889 | AB2: 3.03128 | AC2: 0.000223091 | AD2: 20 | AE2: 0 | AF2: 9 | AG2: 0 | AH2: 3 | AI2: -1 | AJ2: Disabled
A3: 5 | B3: 44838.472 | C3: 10/04/2022 11:19:06.921 | D3: 3.29832 | E3: 0.00317793 | F3: 78.9071 | G3: 0.0760271 | H3: 1.92577 | I3: 0.00289824 | J3: 11762 | K3: 164.408 | L3: 14198.6 | M3: 81.8257 | N3: 456.624 | O3: 1.4368 | P3: 1.94869 | Q3: 0.00311709 | R3: 462.059 | S3: 1.42737 | T3: 506.929 | U3: 0.05129 | V3: 22.6116 | W3: 0.00743253 | X3: 27.7248 | Y3: 0.0289787 | Z3: 3.72377 | AA3: 0.000478101 | AB3: 3.0309 | AC3: 0.000193956 | AD3: 20 | AE3: 0 | AF3: 9 | AG3: 0 | AH3: 3 | AI3: -1 | AJ3: Disabled
A4: 10 | B4: 44838.472 | C4: 10/04/2022 11:19:11.894 | D4: 3.29768 | E4: 0.003273 | F4: 78.8919 | G4: 0.0783014 | H4: 1.92434 | I4: 0.00284061 | J4: 11686.8 | K4: 180.192 | L4: 14037.8 | M4: 243.222 | N4: 457.398 | O4: 1.24532 | P4: 1.9471 | Q4: 0.00260646 | R4: 462.807 | S4: 1.33821 | T4: 506.921 | U4: 0.0323442 | V4: 22.6202 | W4: 0.00474488 | X4: 27.7133 | Y4: 0.0235818 | Z4: 3.72392 | AA4: 0.000594034 | AB4: 3.03105 | AC4: 0.000452504 | AD4: 20 | AE4: 0 | AF4: 9 | AG4: 0 | AH4: 3 | AI4: -1 | AJ4: Disabled
A5: 15 | B5: 44838.472 | C5: 10/04/2022 11:19:16.866 | D5: 3.29559 | E5: 0.00403183 | F5: 78.8419 | G5: 0.0964552 | H5: 1.92092 | I5: 0.00212106 | J5: 11890.2 | K5: 131.885 | L5: 14224.4 | M5: 143.52 | N5: 459.393 | O5: 1.4491 | P5: 1.94404 | Q5: 0.00233827 | R5: 464.921 | S5: 1.52256 | T5: 506.955 | U5: 0.0563369 | V5: 22.6289 | W5: 0.00720723 | X5: 27.7365 | Y5: 0.0104717 | Z5: 3.72367 | AA5: 0.000481284 | AB5: 3.03154 | AC5: 0.000403813 | AD5: 20 | AE5: 0 | AF5: 9 | AG5: 0 | AH5: 3 | AI5: -1 | AJ5: Disabled
A6: 20 | B6: 44838.472 | C6: 10/04/2022 11:19:21.839 | D6: 3.29928 | E6: 0.00410379 | F6: 78.9301 | G6: 0.0981768 | H6: 1.9234 | I6: 0.00166896 | J6: 12022.2 | K6: 157.812 | L6: 14290.2 | M6: 210.566 | N6: 462.031 | O6: 1.09528 | P6: 1.9468 | Q6: 0.00190951 | R6: 467.654 | S6: 1.15501 | T6: 506.912 | U6: 0.0340444 | V6: 22.6318 | W6: 0.00726931 | X6: 27.7309 | Y6: 0.0125502 | Z6: 3.72317 | AA6: 0.000576779 | AB6: 3.03181 | AC6: 0.000261616 | AD6: 20 | AE6: 0 | AF6: 9 | AG6: 0 | AH6: 3 | AI6: -1 | AJ6: Disabled
A7: 25 | B7: 44838.472 | C7: 10/04/2022 11:19:26.812 | D7: 3.30288 | E7: 0.000837721 | F7: 79.0162 | G7: 0.0200412 | H7: 1.92335 | I7: 0.002543 | J7: 11941.8 | K7: 138.448 | L7: 14291 | M7: 124.792 | N7: 463.492 | O7: 0.519746 | P7: 1.9466 | Q7: 0.00254464 | R7: 469.094 | S7: 0.58172 | T7: 506.952 | U7: 0.0533823 | V7: 22.6417 | W7: 0.00222148 | X7: 27.7422 | Y7: 0.0316914 | Z7: 3.72338 | AA7: 0.000424348 | AB7: 3.03188 | AC7: 0.000152122 | AD7: 20 | AE7: 0 | AF7: 9 | AG7: 0 | AH7: 3 | AI7: -1 | AJ7: Disabled
A8: 30 | B8: 44838.472 | C8: 10/04/2022 11:19:31.785 | D8: 3.2982 | E8: 0.00268881 | F8: 78.9043 | G8: 0.0643256 | H8: 1.92516 | I8: 0.00201936 | J8: 11889.2 | K8: 85.2704 | L8: 14231.8 | M8: 125.642 | N8: 465.177 | O8: 1.0063 | P8: 1.94832 | Q8: 0.00215056 | R8: 470.774 | S8: 1.01564 | T8: 506.891 | U8: 0.0508004 | V8: 22.654 | W8: 0.00518919 | X8: 27.7469 | Y8: 0.0385998 | Z8: 3.72419 | AA8: 0.000796529 | AB8: 3.03159 | AC8: 0.000426045 | AD8: 20 | AE8: 0 | AF8: 9 | AG8: 0 | AH8: 3 | AI8: -1 | AJ8: Disabled
A9: 35 | B9: 44838.472 | C9: 10/04/2022 11:19:36.758 | D9: 3.29553 | E9: 0.00281927 | F9: 78.8404 | G9: 0.0674466 | H9: 1.92335 | I9: 0.00102985 | J9: 11834.2 | K9: 222.264 | L9: 14293.1 | M9: 72.5757 | N9: 467.041 | O9: 0.833643 | P9: 1.94638 | Q9: 0.00127179 | R9: 472.635 | S9: 0.835631 | T9: 506.881 | U9: 0.044024 | V9: 22.6505 | W9: 0.00277841 | X9: 27.7495 | Y9: 0.0318881 | Z9: 3.72441 | AA9: 0.000270035 | AB9: 3.03137 | AC9: 0.000290447 | AD9: 20 | AE9: 0 | AF9: 9 | AG9: 0 | AH9: 3 | AI9: -1 | AJ9: Disabled
A10: 40 | B10: 44838.472 | C10: 10/04/2022 11:19:41.730 | D10: 3.29239 | E10: 0.000433209 | F10: 78.7652 | G10: 0.0103639 | H10: 1.92252 | I10: 0.00202841 | J10: 11921.9 | K10: 91.3457 | L10: 14226.4 | M10: 163.371 | N10: 468.053 | O10: 1.37835 | P10: 1.94572 | Q10: 0.00208432 | R10: 473.7 | S10: 1.39913 | T10: 506.922 | U10: 0.0757431 | V10: 22.6625 | W10: 0.00756882 | X10: 27.7308 | Y10: 0.0268194 | Z10: 3.724 | AA10: 0.000291394 | AB10: 3.0314 | AC10: 0.000123369 | AD10: 20 | AE10: 0 | AF10: 9 | AG10: 0 | AH10: 3 | AI10: -1 | AJ10: Disabled
A11: 45 | B11: 44838.472 | C11: 10/04/2022 11:19:46.704 | D11: 3.29291 | E11: 0.00263763 | F11: 78.7777 | G11: 0.0631011 | H11: 1.92495 | I11: 0.0037098 | J11: 11868.4 | K11: 200.819 | L11: 14290.1 | M11: 52.6644 | N11: 471.096 | O11: 1.63577 | P11: 1.94807 | Q11: 0.00387994 | R11: 476.754 | S11: 1.61894 | T11: 506.885 | U11: 0.0658486 | V11: 22.6692 | W11: 0.00354261 | X11: 27.7369 | Y11: 0.0180621 | Z11: 3.72418 | AA11: 0.000567119 | AB11: 3.03132 | AC11: 0.00021133 | AD11: 20 | AE11: 0 | AF11: 9 | AG11: 0 | AH11: 3 | AI11: -1 | AJ11: Disabled
A12: 50 | B12: 44838.472 | C12: 10/04/2022 11:19:51.682 | D12: 3.29974 | E12: 0.000953009 | F12: 78.9413 | G12: 0.0227993 | H12: 1.92437 | I12: 0.00125566 | J12: 11832.3 | K12: 99.9093 | L12: 14256.1 | M12: 89.7924 | N12: 471.967 | O12: 0.701038 | P12: 1.94741 | Q12: 0.0011563 | R12: 477.618 | S12: 0.749902 | T12: 506.92 | U12: 0.0616595 | V12: 22.678 | W12: 0.00543415 | X12: 27.748 | Y12: 0.0210722 | Z12: 3.7244 | AA12: 0.000412524 | AB12: 3.03169 | AC12: 0.000351017 | AD12: 20 | AE12: 0 | AF12: 9 | AG12: 0 | AH12: 3 | AI12: -1 | AJ12: Disabled
A13: 55 | B13: 44838.472 | C13: 10/04/2022 11:19:56.657 | D13: 3.30262 | E13: 0.00274493 | F13: 79.0099 | G13: 0.0656682 | H13: 1.92251 | I13: 0.00273316 | J13: 11953.8 | K13: 130.877 | L13: 14214.1 | M13: 143.532 | N13: 475.743 | O13: 1.08143 | P13: 1.94577 | Q13: 0.0028073 | R13: 481.498 | S13: 1.06772 | T13: 506.869 | U13: 0.0463122 | V13: 22.6768 | W13: 0.00510562 | X13: 27.759 | Y13: 0.0145293 | Z13: 3.72422 | AA13: 0.000629925 | AB13: 3.03189 | AC13: 0.000102748 | AD13: 20 | AE13: 0 | AF13: 9 | AG13: 0 | AH13: 3 | AI13: -1 | AJ13: Disabled
... A170: 840 | B170: 44838.481 | C170: 10/04/2022 11:32:57.475 | D170: 3.26188 | E170: 0.00119067 | F170: 78.0354 | G170: 0.0284849 | H170: 1.93379 | I170: 0.0017702 | J170: 11640.3 | K170: 163.826 | L170: 14054.8 | M170: 107.836 | N170: 801.828 | O170: 0.562584 | P170: 1.95656 | Q170: 0.0018596 | R170: 811.271 | S170: 0.642959 | T170: 506.868 | U170: 0.048607 | V170: 23.5867 | W170: 0.00446436 | X170: 28.2308 | Y170: 0.0201646 | Z170: 3.72455 | AA170: 0.000606591 | AB170: 3.03113 | AC170: 0.000288396 | AD170: 20 | AE170: 0 | AF170: 17 | AG170: 0 | AH170: 3 | AI170: -1 | AJ170: Disabled

Sheet 400cm
A1: Seconds | B1: SysTime | C1: Time | D1: Batt_v | E1: Batt_v_sd | F1: BATT_PERCENT | G1: BATT_PERCENT_sd | H1: [CH4]_ppm | I1: [CH4]_ppm_sd | J1: [H2O]_ppm | K1: [H2O]_ppm_sd | L1: [H2Oa]_ppm | M1: [H2Oa]_ppm_sd | N1: [CO2]_ppm | O1: [CO2]_ppm_sd | P1: [CH4]d_ppm | Q1: [CH4]d_ppm_sd | R1: [CO2]d_ppm | S1: [CO2]d_ppm_sd | T1: GasP_torr | U1: GasP_torr_sd | V1: GasT_C | W1: GasT_C_sd | X1: AmbT_C | Y1: AmbT_C_sd | Z1: RD0_us | AA1: RD0_us_sd | AB1: RD1_us | AC1: RD1_us_sd | AD1: Temp_Status_mA | AE1: Temp_Status_mA_sd | AF1: Analyzer_Status_mA | AG1: Analyzer_Status_mA_sd | AH1: Fit_Flag | AI1: MIU_VALVE | AJ1: MIU_DESC
A2: 0 | B2: 44838.486 | C2: 10/04/2022 11:40:00.200 | D2: 3.21095 | E2: 0.00117261 | F2: 76.817 | G2: 0.0280528 | H2: 1.93063 | I2: 0.00325446 | J2: 11613.8 | K2: 221.727 | L2: 14371 | M2: 132.33 | N2: 418.122 | O2: 0.889353 | P2: 1.95332 | Q2: 0.0033528 | R2: 423.034 | S2: 0.819625 | T2: 506.828 | U2: 0.0394803 | V2: 23.9856 | W2: 0.0063488 | X2: 28.6758 | Y2: 0.028145 | Z2: 3.72551 | AA2: 0.000412293 | AB2: 3.0308 | AC2: 0.000282396 | AD2: 20 | AE2: 0 | AF2: 9 | AG2: 0 | AH2: 3 | AI2: -1 | AJ2: Disabled
A3: 5 | B3: 44838.486 | C3: 10/04/2022 11:40:05.173 | D3: 3.21122 | E3: 0.00227811 | F3: 76.8236 | G3: 0.0545003 | H3: 1.93036 | I3: 0.0015164 | J3: 11659.8 | K3: 84.2778 | L3: 14235.6 | M3: 174.502 | N3: 420.529 | O3: 1.29681 | P3: 1.95313 | Q3: 0.00149463 | R3: 425.49 | S3: 1.28129 | T3: 506.793 | U3: 0.0467022 | V3: 23.9871 | W3: 0.00402571 | X3: 28.6792 | Y3: 0.0346883 | Z3: 3.72518 | AA3: 0.00050363 | AB3: 3.03075 | AC3: 0.000478384 | AD3: 20 | AE3: 0 | AF3: 9 | AG3: 0 | AH3: 3 | AI3: -1 | AJ3: Disabled
A4: 10 | B4: 44838.486 | C4: 10/04/2022 11:40:10.147 | D4: 3.20919 | E4: 0.0018279 | F4: 76.7748 | G4: 0.0437296 | H4: 1.93042 | I4: 0.00192864 | J4: 11707.2 | K4: 123.114 | L4: 14358 | M4: 101.577 | N4: 423.025 | O4: 0.720992 | P4: 1.95329 | Q4: 0.00212731 | R4: 428.036 | S4: 0.705288 | T4: 506.806 | U4: 0.0507998 | V4: 23.997 | W4: 0.00687754 | X4: 28.6822 | Y4: 0.0290309 | Z4: 3.72547 | AA4: 0.000211044 | AB4: 3.03044 | AC4: 0.000234845 | AD4: 20 | AE4: 0 | AF4: 9 | AG4: 0 | AH4: 3 | AI4: -1 | AJ4: Disabled
A5: 15 | B5: 44838.486 | C5: 10/04/2022 11:40:15.118 | D5: 3.20681 | E5: 0.00146189 | F5: 76.7181 | G5: 0.0349734 | H5: 1.93344 | I5: 0.00333872 | J5: 11763.8 | K5: 310.11 | L5: 14334.5 | M5: 178.906 | N5: 424.653 | O5: 0.442724 | P5: 1.95645 | Q5: 0.0039494 | R5: 429.708 | S5: 0.487862 | T5: 506.794 | U5: 0.0400937 | V5: 23.9948 | W5: 0.0022505 | X5: 28.7004 | Y5: 0.0267196 | Z5: 3.72539 | AA5: 0.0004353 | AB5: 3.03068 | AC5: 0.000203956 | AD5: 20 | AE5: 0 | AF5: 9 | AG5: 0 | AH5: 3 | AI5: -1 | AJ5: Disabled
A6: 20 | B6: 44838.486 | C6: 10/04/2022 11:40:20.091 | D6: 3.20577 | E6: 0.00221433 | F6: 76.693 | G6: 0.0529743 | H6: 1.93328 | I6: 0.00298632 | J6: 11534.4 | K6: 57.5865 | L6: 14175.2 | M6: 119.258 | N6: 427.331 | O6: 1.05277 | P6: 1.95584 | Q6: 0.00293969 | R6: 432.317 | S6: 1.05314 | T6: 506.797 | U6: 0.0299322 | V6: 23.9982 | W6: 0.00197462 | X6: 28.7177 | Y6: 0.0290659 | Z6: 3.72507 | AA6: 0.000774747 | AB6: 3.03061 | AC6: 0.000628221 | AD6: 20 | AE6: 0 | AF6: 9 | AG6: 0 | AH6: 3 | AI6: -1 | AJ6: Disabled
A7: 25 | B7: 44838.486 | C7: 10/04/2022 11:40:25.071 | D7: 3.2027 | E7: 0.00150714 | F7: 76.6196 | G7: 0.036056 | H7: 1.93318 | I7: 0.00353986 | J7: 11508.9 | K7: 272.976 | L7: 14144.9 | M7: 164.511 | N7: 429.733 | O7: 1.44888 | P7: 1.95569 | Q7: 0.00333541 | R7: 434.736 | S7: 1.51374 | T7: 506.807 | U7: 0.0581507 | V7: 24.0039 | W7: 0.00416685 | X7: 28.6794 | Y7: 0.0286862 | Z7: 3.72444 | AA7: 0.000234144 | AB7: 3.03104 | AC7: 0.000183685 | AD7: 20 | AE7: 0 | AF7: 9 | AG7: 0 | AH7: 3 | AI7: -1 | AJ7: Disabled
A8: 30 | B8: 44838.486 | C8: 10/04/2022 11:40:30.043 | D8: 3.20445 | E8: 0.00197065 | F8: 76.6616 | G8: 0.0471448 | H8: 1.93451 | I8: 0.00220666 | J8: 11466.7 | K8: 230.7 | L8: 14185.1 | M8: 133.982 | N8: 431.169 | O8: 0.929971 | P8: 1.95695 | Q8: 0.00221454 | R8: 436.17 | S8: 0.905583 | T8: 506.836 | U8: 0.0607902 | V8: 24.0093 | W8: 0.00256627 | X8: 28.6955 | Y8: 0.0327865 | Z8: 3.72417 | AA8: 0.000505575 | AB8: 3.03105 | AC8: 0.000330826 | AD8: 20 | AE8: 0 | AF8: 9 | AG8: 0 | AH8: 3 | AI8: -1 | AJ8: Disabled
A9: 35 | B9: 44838.487 | C9: 10/04/2022 11:40:35.017 | D9: 3.20201 | E9: 0.00178327 | F9: 76.6032 | G9: 0.0426619 | H9: 1.93732 | I9: 0.00191877 | J9: 11541.9 | K9: 263.981 | L9: 14206.4 | M9: 138.3 | N9: 434.084 | O9: 1.79153 | P9: 1.95994 | Q9: 0.00199967 | R9: 439.152 | S9: 1.72753 | T9: 506.798 | U9: 0.0356248 | V9: 24.0168 | W9: 0.00849431 | X9: 28.7162 | Y9: 0.0320259 | Z9: 3.72469 | AA9: 0.000421129 | AB9: 3.03113 | AC9: 0.000168632 | AD9: 20 | AE9: 0 | AF9: 9 | AG9: 0 | AH9: 3 | AI9: -1 | AJ9: Disabled
A10: 40 | B10: 44838.487 | C10: 10/04/2022 11:40:39.989 | D10: 3.20173 | E10: 0.000996601 | F10: 76.5964 | G10: 0.0238421 | H10: 1.93416 | I10: 0.00425704 | J10: 11569.2 | K10: 168.844 | L10: 14170.4 | M10: 109.457 | N10: 435.773 | O10: 0.781173 | P10: 1.9568 | Q10: 0.00450405 | R10: 440.874 | S10: 0.75417 | T10: 506.818 | U10: 0.068991 | V10: 24.0173 | W10: 0.00275338 | X10: 28.7031 | Y10: 0.0222121 | Z10: 3.72522 | AA10: 0.000547094 | AB10: 3.03135 | AC10: 0.00021149 | AD10: 20 | AE10: 0 | AF10: 9 | AG10: 0 | AH10: 3 | AI10: -1 | AJ10: Disabled
A11: 45 | B11: 44838.487 | C11: 10/04/2022 11:40:44.963 | D11: 3.20443 | E11: 0.00343 | F11: 76.6611 | G11: 0.0820574 | H11: 1.9371 | I11: 0.00157501 | J11: 11718.7 | K11: 242.162 | L11: 14252.2 | M11: 153.741 | N11: 437.827 | O11: 0.730207 | P11: 1.96007 | Q11: 0.00157242 | R11: 443.019 | S11: 0.814245 | T11: 506.829 | U11: 0.0500826 | V11: 24.0236 | W11: 0.00421403 | X11: 28.7195 | Y11: 0.0320652 | Z11: 3.72494 | AA11: 0.000208276 | AB11: 3.03116 | AC11: 0.000404645 | AD11: 20 | AE11: 0 | AF11: 9 | AG11: 0 | AH11: 3 | AI11: -1 | AJ11: Disabled
A12: 50 | B12: 44838.487 | C12: 10/04/2022 11:40:49.934 | D12: 3.20575 | E12: 0.00128795 | F12: 76.6925 | G12: 0.0308123 | H12: 1.93497 | I12: 0.00214916 | J12: 11810.4 | K12: 253.056 | L12: 14354.2 | M12: 180.965 | N12: 440.426 | O12: 1.61741 | P12: 1.9581 | Q12: 0.00249021 | R12: 445.69 | S12: 1.55137 | T12: 506.806 | U12: 0.0463635 | V12: 24.0288 | W12: 0.00390029 | X12: 28.7159 | Y12: 0.0452984 | Z12: 3.72453 | AA12: 0.000304109 | AB12: 3.0311 | AC12: 0.000480887 | AD12: 20 | AE12: 0 | AF12: 9 | AG12: 0 | AH12: 3 | AI12: -1 | AJ12: Disabled
A13: 55 | B13: 44838.487 | C13: 10/04/2022 11:40:54.907 | D13: 3.2029 | E13: 0.00117674 | F13: 76.6243 | G13: 0.0281516 | H13: 1.93784 | I13: 0.00403948 | J13: 11835.2 | K13: 216.939 | L13: 14386.2 | M13: 101.083 | N13: 442.461 | O13: 1.42708 | P13: 1.96105 | Q13: 0.0042605 | R13: 447.76 | S13: 1.41401 | T13: 506.818 | U13: 0.0435453 | V13: 24.0345 | W13: 0.0049134 | X13: 28.7027 | Y13: 0.0279257 | Z13: 3.72531 | AA13: 0.000482723 | AB13: 3.03092 | AC13: 0.000232105 | AD13: 20 | AE13: 0 | AF13: 9 | AG13: 0 | AH13: 3 | AI13: -1 | AJ13: Disabled
... A88: 430 | B88: 44838.491 | C88: 10/04/2022 11:47:07.893 | D88: 2.90092 | E88: 0.00392502 | F88: 69.4 | G88: 0.0939 | H88: 1.988 | I88: 0.00300572 | J88: 11442.7 | K88: 191.363 | L88: 14030.3 | M88: 46.0614 | N88: 642.151 | O88: 0.88048 | P88: 2.01101 | Q88: 0.00298001 | R88: 649.584 | S88: 0.887508 | T88: 506.786 | U88: 0.0721745 | V88: 24.4011 | W88: 0.00150436 | X88: 29.0026 | Y88: 0.0349908 | Z88: 3.72421 | AA88: 0.000419161 | AB88: 3.0305 | AC88: 0.00041661 | AD88: 20 | AE88: 0 | AF88: 9 | AG88: 0 | AH88: 3 | AI88: -1 | AJ88: Disabled

Sheet 200cm
A1: Seconds | B1: SysTime | C1: Time | D1: Batt_v | E1: Batt_v_sd | F1: BATT_PERCENT | G1: BATT_PERCENT_sd | H1: [CH4]_ppm | I1: [CH4]_ppm_sd | J1: [H2O]_ppm | K1: [H2O]_ppm_sd | L1: [H2Oa]_ppm | M1: [H2Oa]_ppm_sd | N1: [CO2]_ppm | O1: [CO2]_ppm_sd | P1: [CH4]d_ppm | Q1: [CH4]d_ppm_sd | R1: [CO2]d_ppm | S1: [CO2]d_ppm_sd | T1: GasP_torr | U1: GasP_torr_sd | V1: GasT_C | W1: GasT_C_sd | X1: AmbT_C | Y1: AmbT_C_sd | Z1: RD0_us | AA1: RD0_us_sd | AB1: RD1_us | AC1: RD1_us_sd | AD1: Temp_Status_mA | AE1: Temp_Status_mA_sd | AF1: Analyzer_Status_mA | AG1: Analyzer_Status_mA_sd | AH1: Fit_Flag | AI1: MIU_VALVE | AJ1: MIU_DESC
A2: 0 | B2: 44838.538 | C2: 10/04/2022 12:54:04.251 | D2: 4.06584 | E2: 0.000232033 | F2: 97.2688 | G2: 0.00555103 | H2: 1.91155 | I2: 0.00499605 | J2: 11850.3 | K2: 135.349 | L2: 14570.6 | M2: 149.737 | N2: 583.742 | O2: 2.17372 | P2: 1.93447 | Q2: 0.00524824 | R2: 590.742 | S2: 2.16681 | T2: 506.878 | U2: 0.0490423 | V2: 22.1257 | W2: 0.00456373 | X2: 26.6617 | Y2: 0.0322824 | Z2: 3.71904 | AA2: 0.000451809 | AB2: 3.03371 | AC2: 0.000329591 | AD2: 20 | AE2: 0 | AF2: 17 | AG2: 0 | AH2: 3 | AI2: -1 | AJ2: Disabled
A3: 5 | B3: 44838.538 | C3: 10/04/2022 12:54:09.224 | D3: 4.06555 | E3: 0.00091609 | F3: 97.2619 | G3: 0.021916 | H3: 1.91246 | I3: 0.00102284 | J3: 11942.7 | K3: 111.239 | L3: 14692.9 | M3: 106.683 | N3: 588.752 | O3: 1.96973 | P3: 1.93558 | Q3: 0.000843108 | R3: 595.868 | S3: 2.00214 | T3: 506.896 | U3: 0.0522264 | V3: 22.122 | W3: 0.000922755 | X3: 26.6776 | Y3: 0.0378259 | Z3: 3.71866 | AA3: 0.000315584 | AB3: 3.03389 | AC3: 0.000412984 | AD3: 20 | AE3: 0 | AF3: 17 | AG3: 0 | AH3: 3 | AI3: -1 | AJ3: Disabled
A4: 10 | B4: 44838.538 | C4: 10/04/2022 12:54:14.197 | D4: 4.06462 | E4: 0.000459577 | F4: 97.2398 | G4: 0.0109947 | H4: 1.91185 | I4: 0.00285153 | J4: 11859.1 | K4: 177.682 | L4: 14682.2 | M4: 147.377 | N4: 590.615 | O4: 0.390394 | P4: 1.9348 | Q4: 0.00264715 | R4: 597.703 | S4: 0.294826 | T4: 506.872 | U4: 0.0237749 | V4: 22.1259 | W4: 0.014215 | X4: 26.693 | Y4: 0.016339 | Z4: 3.71906 | AA4: 0.000499068 | AB4: 3.03373 | AC4: 0.000226414 | AD4: 20 | AE4: 0 | AF4: 17 | AG4: 0 | AH4: 3 | AI4: -1 | AJ4: Disabled
A5: 15 | B5: 44838.538 | C5: 10/04/2022 12:54:19.170 | D5: 4.06489 | E5: 0.00102741 | F5: 97.2463 | G5: 0.0245791 | H5: 1.91225 | I5: 0.0017434 | J5: 11784.8 | K5: 168.15 | L5: 14442.9 | M5: 71.8042 | N5: 592.809 | O5: 1.60652 | P5: 1.93505 | Q5: 0.00193667 | R5: 599.879 | S5: 1.67807 | T5: 506.904 | U5: 0.0438014 | V5: 22.1284 | W5: 0.011635 | X5: 26.7095 | Y5: 0.0272783 | Z5: 3.71904 | AA5: 0.000282567 | AB5: 3.0336 | AC5: 0.000141009 | AD5: 20 | AE5: 0 | AF5: 17 | AG5: 0 | AH5: 3 | AI5: -1 | AJ5: Disabled
A6: 20 | B6: 44838.538 | C6: 10/04/2022 12:54:24.143 | D6: 4.06568 | E6: 0.000249023 | F6: 97.2651 | G6: 0.00595749 | H6: 1.91321 | I6: 0.00224842 | J6: 11802.2 | K6: 207.568 | L6: 14611.8 | M6: 145.722 | N6: 595.789 | O6: 1.76319 | P6: 1.93606 | Q6: 0.00229657 | R6: 602.904 | S6: 1.82078 | T6: 506.9 | U6: 0.0521589 | V6: 22.1216 | W6: 0.00428896 | X6: 26.7393 | Y6: 0.0403156 | Z6: 3.71905 | AA6: 0.000235012 | AB6: 3.03373 | AC6: 0.000459835 | AD6: 20 | AE6: 0 | AF6: 17 | AG6: 0 | AH6: 3 | AI6: -1 | AJ6: Disabled
A7: 25 | B7: 44838.538 | C7: 10/04/2022 12:54:29.115 | D7: 4.06658 | E7: 0.000254275 | F7: 97.2867 | G7: 0.00608313 | H7: 1.91383 | I7: 0.00353675 | J7: 11940.4 | K7: 177.28 | L7: 14674.6 | M7: 181.167 | N7: 597.305 | O7: 1.04374 | P7: 1.93696 | Q7: 0.0034699 | R7: 604.524 | S7: 1.13481 | T7: 506.897 | U7: 0.0420448 | V7: 22.1309 | W7: 0.00543724 | X7: 26.7612 | Y7: 0.0280681 | Z7: 3.7187 | AA7: 0.000395995 | AB7: 3.03384 | AC7: 0.000207994 | AD7: 20 | AE7: 0 | AF7: 17 | AG7: 0 | AH7: 3 | AI7: -1 | AJ7: Disabled
A8: 30 | B8: 44838.538 | C8: 10/04/2022 12:54:34.087 | D8: 4.06671 | E8: 0.000291115 | F8: 97.2897 | G8: 0.00696447 | H8: 1.91423 | I8: 0.00260483 | J8: 11842.1 | K8: 230.367 | L8: 14662.7 | M8: 230.738 | N8: 598.961 | O8: 2.66086 | P8: 1.93717 | Q8: 0.00233675 | R8: 606.139 | S8: 2.64363 | T8: 506.907 | U8: 0.019108 | V8: 22.1454 | W8: 0.0109422 | X8: 26.7609 | Y8: 0.0260952 | Z8: 3.71887 | AA8: 0.000719259 | AB8: 3.03369 | AC8: 0.000270613 | AD8: 20 | AE8: 0 | AF8: 17 | AG8: 0 | AH8: 3 | AI8: -1 | AJ8: Disabled
A9: 35 | B9: 44838.538 | C9: 10/04/2022 12:54:39.061 | D9: 4.06603 | E9: 9.87992e-05 | F9: 97.2734 | G9: 0.00236362 | H9: 1.91251 | I9: 0.00408835 | J9: 11914.5 | K9: 305.355 | L9: 14686.2 | M9: 190.283 | N9: 602.433 | O9: 1.4558 | P9: 1.93557 | Q9: 0.00443575 | R9: 609.697 | S9: 1.3479 | T9: 506.891 | U9: 0.0446291 | V9: 22.1456 | W9: 0.00845298 | X9: 26.7454 | Y9: 0.0211335 | Z9: 3.71957 | AA9: 0.000308872 | AB9: 3.03367 | AC9: 0.000224373 | AD9: 20 | AE9: 0 | AF9: 17 | AG9: 0 | AH9: 3 | AI9: -1 | AJ9: Disabled
A10: 40 | B10: 44838.538 | C10: 10/04/2022 12:54:44.034 | D10: 4.06621 | E10: 0.000462386 | F10: 97.2777 | G10: 0.0110619 | H10: 1.91018 | I10: 0.00254621 | J10: 11834 | K10: 348.557 | L10: 14699.1 | M10: 216.501 | N10: 604.295 | O10: 1.05341 | P10: 1.93305 | Q10: 0.00317663 | R10: 611.532 | S10: 1.10455 | T10: 506.894 | U10: 0.0517348 | V10: 22.1423 | W10: 0.00739669 | X10: 26.7527 | Y10: 0.0306337 | Z10: 3.71911 | AA10: 0.000587733 | AB10: 3.03362 | AC10: 0.000416115 | AD10: 20 | AE10: 0 | AF10: 17 | AG10: 0 | AH10: 3 | AI10: -1 | AJ10: Disabled
A11: 45 | B11: 44838.538 | C11: 10/04/2022 12:54:49.005 | D11: 4.06693 | E11: 0.000358924 | F11: 97.2951 | G11: 0.00858669 | H11: 1.91242 | I11: 0.00240596 | J11: 11866.7 | K11: 158.523 | L11: 14647.8 | M11: 83.4213 | N11: 607.2 | O11: 1.30915 | P11: 1.93538 | Q11: 0.00231033 | R11: 614.492 | S11: 1.32213 | T11: 506.898 | U11: 0.0411836 | V11: 22.1557 | W11: 0.0123038 | X11: 26.7238 | Y11: 0.0219781 | Z11: 3.71899 | AA11: 0.000374027 | AB11: 3.03366 | AC11: 0.000385778 | AD11: 20 | AE11: 0 | AF11: 17 | AG11: 0 | AH11: 3 | AI11: -1 | AJ11: Disabled
A12: 50 | B12: 44838.538 | C12: 10/04/2022 12:54:53.979 | D12: 4.06542 | E12: 0.00067678 | F12: 97.2589 | G12: 0.0161909 | H12: 1.91055 | I12: 0.00190963 | J12: 11716.6 | K12: 133.042 | L12: 14605.9 | M12: 159.583 | N12: 609.609 | O12: 1.5586 | P12: 1.9332 | Q12: 0.00196568 | R12: 616.836 | S12: 1.50267 | T12: 506.894 | U12: 0.0465246 | V12: 22.1544 | W12: 0.00157653 | X12: 26.7144 | Y12: 0.0359103 | Z12: 3.71892 | AA12: 0.000775774 | AB12: 3.03373 | AC12: 0.000410109 | AD12: 20 | AE12: 0 | AF12: 17 | AG12: 0 | AH12: 3 | AI12: -1 | AJ12: Disabled
A13: 55 | B13: 44838.538 | C13: 10/04/2022 12:54:58.951 | D13: 4.06504 | E13: 0.000270722 | F13: 97.2497 | G13: 0.00647661 | H13: 1.91466 | I13: 0.00254829 | J13: 12014.5 | K13: 230.045 | L13: 14723.6 | M13: 186.428 | N13: 611.318 | O13: 1.8837 | P13: 1.93795 | Q13: 0.00280508 | R13: 618.752 | S13: 1.87154 | T13: 506.894 | U13: 0.045387 | V13: 22.1408 | W13: 0.00614166 | X13: 26.7212 | Y13: 0.0461793 | Z13: 3.71905 | AA13: 0.00117597 | AB13: 3.03368 | AC13: 0.00100828 | AD13: 20 | AE13: 0 | AF13: 17 | AG13: 0 | AH13: 3 | AI13: -1 | AJ13: Disabled
... A76: 370 | B76: 44838.542 | C76: 10/04/2022 13:00:12.272 | D76: 4.08626 | E76: 0.000829924 | F76: 97.7573 | G76: 0.0198546 | H76: 1.91488 | I76: 0.00285349 | J76: 12042.6 | K76: 169.118 | L76: 14718.4 | M76: 200.389 | N76: 757.542 | O76: 0.746149 | P76: 1.93823 | Q76: 0.00309567 | R76: 766.776 | S76: 0.724053 | T76: 506.87 | U76: 0.0463317 | V76: 22.2069 | W76: 0.00624551 | X76: 26.9872 | Y76: 0.0263281 | Z76: 3.71877 | AA76: 0.000559363 | AB76: 3.0329 | AC76: 0.000181884 | AD76: 20 | AE76: 0 | AF76: 17 | AG76: 0 | AH76: 3 | AI76: -1 | AJ76: Disabled

Sheet 125cm
A1: Seconds | B1: SysTime | C1: Time | D1: Batt_v | E1: Batt_v_sd | F1: BATT_PERCENT | G1: BATT_PERCENT_sd | H1: [CH4]_ppm | I1: [CH4]_ppm_sd | J1: [H2O]_ppm | K1: [H2O]_ppm_sd | L1: [H2Oa]_ppm | M1: [H2Oa]_ppm_sd | N1: [CO2]_ppm | O1: [CO2]_ppm_sd | P1: [CH4]d_ppm | Q1: [CH4]d_ppm_sd | R1: [CO2]d_ppm | S1: [CO2]d_ppm_sd | T1: GasP_torr | U1: GasP_torr_sd | V1: GasT_C | W1: GasT_C_sd | X1: AmbT_C | Y1: AmbT_C_sd | Z1: RD0_us | AA1: RD0_us_sd | AB1: RD1_us | AC1: RD1_us_sd | AD1: Temp_Status_mA | AE1: Temp_Status_mA_sd | AF1: Analyzer_Status_mA | AG1: Analyzer_Status_mA_sd | AH1: Fit_Flag | AI1: MIU_VALVE | AJ1: MIU_DESC
A2: 0 | B2: 44838.542 | C2: 10/04/2022 13:00:22.217 | D2: 4.08757 | E2: 0.00112347 | F2: 97.7889 | G2: 0.0268772 | H2: 1.91564 | I2: 0.00173109 | J2: 11843.3 | K2: 240.593 | L2: 14461.1 | M2: 128.254 | N2: 419.203 | O2: 0.270848 | P2: 1.9386 | Q2: 0.00170058 | R2: 424.228 | S2: 0.19054 | T2: 506.861 | U2: 0.040464 | V2: 22.2078 | W2: 0.00750869 | X2: 26.9595 | Y2: 0.0295405 | Z2: 3.72006 | AA2: 0.000480831 | AB2: 3.03354 | AC2: 0.000300761 | AD2: 20 | AE2: 0 | AF2: 17 | AG2: 0 | AH2: 3 | AI2: -1 | AJ2: Disabled
A3: 5 | B3: 44838.542 | C3: 10/04/2022 13:00:27.189 | D3: 4.08629 | E3: 0.00150158 | F3: 97.7582 | G3: 0.035923 | H3: 1.91099 | I3: 0.00148049 | J3: 12010 | K3: 134.874 | L3: 14684.3 | M3: 186.302 | N3: 421.366 | O3: 1.87227 | P3: 1.93422 | Q3: 0.00150896 | R3: 426.488 | S3: 1.85409 | T3: 506.878 | U3: 0.0408887 | V3: 22.2204 | W3: 0.00918404 | X3: 26.9931 | Y3: 0.0216936 | Z3: 3.72031 | AA3: 0.000524595 | AB3: 3.03325 | AC3: 0.000217575 | AD3: 20 | AE3: 0 | AF3: 17 | AG3: 0 | AH3: 3 | AI3: -1 | AJ3: Disabled
A4: 10 | B4: 44838.542 | C4: 10/04/2022 13:00:32.162 | D4: 4.08833 | E4: 0.000749924 | F4: 97.8069 | G4: 0.0179408 | H4: 1.91479 | I4: 0.00194075 | J4: 12177 | K4: 204.61 | L4: 14737.8 | M4: 119.362 | N4: 423.784 | O4: 0.624577 | P4: 1.93839 | Q4: 0.00161339 | R4: 429.008 | S4: 0.660316 | T4: 506.868 | U4: 0.0494281 | V4: 22.2253 | W4: 0.00692742 | X4: 27.0346 | Y4: 0.0418285 | Z4: 3.71993 | AA4: 0.000514789 | AB4: 3.0331 | AC4: 0.000564745 | AD4: 20 | AE4: 0 | AF4: 17 | AG4: 0 | AH4: 3 | AI4: -1 | AJ4: Disabled
A5: 15 | B5: 44838.542 | C5: 10/04/2022 13:00:37.136 | D5: 4.08786 | E5: 0.000165902 | F5: 97.7957 | G5: 0.00396895 | H5: 1.9146 | I5: 0.00391393 | J5: 12070.2 | K5: 192.22 | L5: 14679.7 | M5: 172.96 | N5: 425.959 | O5: 0.923537 | P5: 1.93799 | Q5: 0.00383067 | R5: 431.163 | S5: 0.973485 | T5: 506.893 | U5: 0.0267968 | V5: 22.2156 | W5: 0.00508734 | X5: 27.0328 | Y5: 0.0246445 | Z5: 3.7197 | AA5: 0.000399022 | AB5: 3.03333 | AC5: 0.000345903 | AD5: 20 | AE5: 0 | AF5: 17 | AG5: 0 | AH5: 3 | AI5: -1 | AJ5: Disabled
A6: 20 | B6: 44838.542 | C6: 10/04/2022 13:00:42.107 | D6: 4.08977 | E6: 0.000584758 | F6: 97.8413 | G6: 0.0139894 | H6: 1.91323 | I6: 0.00200909 | J6: 12112.6 | K6: 234.567 | L6: 14777.9 | M6: 203.561 | N6: 429.479 | O6: 3.01099 | P6: 1.93669 | Q6: 0.00235518 | R6: 434.744 | S6: 3.00369 | T6: 506.868 | U6: 0.0478344 | V6: 22.2134 | W6: 0.00399135 | X6: 27.0469 | Y6: 0.036876 | Z6: 3.71959 | AA6: 0.00100155 | AB6: 3.0335 | AC6: 0.000773086 | AD6: 20 | AE6: 0 | AF6: 17 | AG6: 0 | AH6: 3 | AI6: -1 | AJ6: Disabled
A7: 25 | B7: 44838.542 | C7: 10/04/2022 13:00:47.080 | D7: 4.08836 | E7: 0.00036444 | F7: 97.8076 | G7: 0.00871867 | H7: 1.91394 | I7: 0.00138042 | J7: 12386.1 | K7: 146.779 | L7: 14976.4 | M7: 245.843 | N7: 440.051 | O7: 2.23676 | P7: 1.93795 | Q7: 0.00153555 | R7: 445.57 | S7: 2.28304 | T7: 506.886 | U7: 0.0539426 | V7: 22.2187 | W7: 0.00243591 | X7: 27.0331 | Y7: 0.0262115 | Z7: 3.71945 | AA7: 0.000708141 | AB7: 3.0334 | AC7: 0.000301596 | AD7: 20 | AE7: 0 | AF7: 17 | AG7: 0 | AH7: 3 | AI7: -1 | AJ7: Disabled
A8: 30 | B8: 44838.542 | C8: 10/04/2022 13:00:52.053 | D8: 4.08913 | E8: 0.000497751 | F8: 97.826 | G8: 0.0119079 | H8: 1.91467 | I8: 0.00259695 | J8: 12197.1 | K8: 106.19 | L8: 14846 | M8: 148.225 | N8: 438.596 | O8: 1.33683 | P8: 1.93832 | Q8: 0.0027038 | R8: 444.012 | S8: 1.36987 | T8: 506.902 | U8: 0.0440901 | V8: 22.2397 | W8: 0.00587203 | X8: 27.0375 | Y8: 0.0259154 | Z8: 3.71932 | AA8: 0.000741545 | AB8: 3.03316 | AC8: 0.000320986 | AD8: 20 | AE8: 0 | AF8: 17 | AG8: 0 | AH8: 3 | AI8: -1 | AJ8: Disabled
A9: 35 | B9: 44838.542 | C9: 10/04/2022 13:00:57.032 | D9: 4.08811 | E9: 0.00187202 | F9: 97.8017 | G9: 0.0447852 | H9: 1.91378 | I9: 0.00267368 | J9: 12451.3 | K9: 205.171 | L9: 15040.7 | M9: 86.4207 | N9: 439.08 | O9: 1.84865 | P9: 1.9379 | Q9: 0.00268828 | R9: 444.616 | S9: 1.90418 | T9: 506.891 | U9: 0.0429866 | V9: 22.2183 | W9: 0.00609507 | X9: 27.0274 | Y9: 0.0293822 | Z9: 3.71927 | AA9: 0.000748807 | AB9: 3.03303 | AC9: 0.000338085 | AD9: 20 | AE9: 0 | AF9: 17 | AG9: 0 | AH9: 3 | AI9: -1 | AJ9: Disabled
A10: 40 | B10: 44838.542 | C10: 10/04/2022 13:01:02.004 | D10: 4.08683 | E10: 0.000151237 | F10: 97.771 | G10: 0.00361811 | H10: 1.915 | I10: 0.00214462 | J10: 12432.1 | K10: 271.701 | L10: 15061.4 | M10: 171.241 | N10: 441.806 | O10: 1.49903 | P10: 1.93911 | Q10: 0.00214694 | R10: 447.368 | S10: 1.4669 | T10: 506.895 | U10: 0.0504044 | V10: 22.2311 | W10: 0.00329416 | X10: 27.0499 | Y10: 0.0303958 | Z10: 3.7192 | AA10: 0.000446557 | AB10: 3.0331 | AC10: 0.000429048 | AD10: 20 | AE10: 0 | AF10: 17 | AG10: 0 | AH10: 3 | AI10: -1 | AJ10: Disabled
A11: 45 | B11: 44838.542 | C11: 10/04/2022 13:01:06.978 | D11: 4.08846 | E11: 0.00136574 | F11: 97.8101 | G11: 0.0326733 | H11: 1.91315 | I11: 0.00248112 | J11: 12495 | K11: 38.6244 | L11: 15079.4 | M11: 119.922 | N11: 444.881 | O11: 1.43331 | P11: 1.93736 | Q11: 0.00250434 | R11: 450.511 | S11: 1.46042 | T11: 506.871 | U11: 0.0512969 | V11: 22.2274 | W11: 0.00286555 | X11: 27.0441 | Y11: 0.0237682 | Z11: 3.71938 | AA11: 0.000528187 | AB11: 3.03295 | AC11: 0.000428032 | AD11: 20 | AE11: 0 | AF11: 17 | AG11: 0 | AH11: 3 | AI11: -1 | AJ11: Disabled
A12: 50 | B12: 44838.543 | C12: 10/04/2022 13:01:11.950 | D12: 4.08921 | E12: 0.000739042 | F12: 97.8279 | G12: 0.0176804 | H12: 1.9114 | I12: 0.0026986 | J12: 12484.6 | K12: 183.125 | L12: 15072.4 | M12: 114.311 | N12: 448.564 | O12: 1.92284 | P12: 1.93557 | Q12: 0.00287111 | R12: 454.235 | S12: 1.91798 | T12: 506.897 | U12: 0.0477088 | V12: 22.2263 | W12: 0.00724787 | X12: 27.0623 | Y12: 0.0268619 | Z12: 3.71948 | AA12: 0.00066572 | AB12: 3.03295 | AC12: 0.000140837 | AD12: 20 | AE12: 0 | AF12: 17 | AG12: 0 | AH12: 3 | AI12: -1 | AJ12: Disabled
A13: 55 | B13: 44838.543 | C13: 10/04/2022 13:01:16.924 | D13: 4.09113 | E13: 0.0011442 | F13: 97.874 | G13: 0.0273731 | H13: 1.91459 | I13: 0.00243541 | J13: 12154.6 | K13: 896.267 | L13: 15059.3 | M13: 108.071 | N13: 451.015 | O13: 0.823927 | P13: 1.93815 | Q13: 0.00316733 | R13: 456.565 | S13: 1.15519 | T13: 506.889 | U13: 0.0434306 | V13: 22.2166 | W13: 0.00387406 | X13: 27.0619 | Y13: 0.0266644 | Z13: 3.71981 | AA13: 0.000567627 | AB13: 3.03334 | AC13: 0.000365192 | AD13: 20 | AE13: 0 | AF13: 17 | AG13: 0 | AH13: 3 | AI13: -1 | AJ13: Disabled
... A90: 440 | B90: 44838.547 | C90: 10/04/2022 13:07:39.834 | D90: 4.10123 | E90: 0.000643333 | F90: 98.1157 | G90: 0.0153907 | H90: 1.9205 | I90: 0.00285047 | J90: 12349.5 | K90: 166.3 | L90: 14941.6 | M90: 148.192 | N90: 659.962 | O90: 2.1491 | P90: 1.94451 | Q90: 0.00302172 | R90: 668.214 | S90: 2.07402 | T90: 506.867 | U90: 0.0695521 | V90: 22.3645 | W90: 0.00128175 | X90: 27.1581 | Y90: 0.0331836 | Z90: 3.719 | AA90: 0.000582597 | AB90: 3.03225 | AC90: 0.000286097 | AD90: 20 | AE90: 0 | AF90: 17 | AG90: 0 | AH90: 3 | AI90: -1 | AJ90: Disabled

Sheet 50cm
A1: Seconds | B1: SysTime | C1: Time | D1: Batt_v | E1: Batt_v_sd | F1: BATT_PERCENT | G1: BATT_PERCENT_sd | H1: [CH4]_ppm | I1: [CH4]_ppm_sd | J1: [H2O]_ppm | K1: [H2O]_ppm_sd | L1: [H2Oa]_ppm | M1: [H2Oa]_ppm_sd | N1: [CO2]_ppm | O1: [CO2]_ppm_sd | P1: [CH4]d_ppm | Q1: [CH4]d_ppm_sd | R1: [CO2]d_ppm | S1: [CO2]d_ppm_sd | T1: GasP_torr | U1: GasP_torr_sd | V1: GasT_C | W1: GasT_C_sd | X1: AmbT_C | Y1: AmbT_C_sd | Z1: RD0_us | AA1: RD0_us_sd | AB1: RD1_us | AC1: RD1_us_sd | AD1: Temp_Status_mA | AE1: Temp_Status_mA_sd | AF1: Analyzer_Status_mA | AG1: Analyzer_Status_mA_sd | AH1: Fit_Flag | AI1: MIU_VALVE | AJ1: MIU_DESC
A2: 0 | B2: 44838.548 | C2: 10/04/2022 13:08:49.466 | D2: 4.10145 | E2: 0.000210067 | F2: 98.1209 | G2: 0.00502552 | H2: 1.91587 | I2: 0.00276759 | J2: 12292.6 | K2: 90.2836 | L2: 14976.6 | M2: 113.61 | N2: 501.618 | O2: 0.573363 | P2: 1.93972 | Q2: 0.00270477 | R2: 507.861 | S2: 0.579569 | T2: 506.851 | U2: 0.0747622 | V2: 22.3979 | W2: 0.00748928 | X2: 27.2284 | Y2: 0.0272276 | Z2: 3.71919 | AA2: 0.000612282 | AB2: 3.03247 | AC2: 0.000243426 | AD2: 20 | AE2: 0 | AF2: 17 | AG2: 0 | AH2: 3 | AI2: -1 | AJ2: Disabled
A3: 5 | B3: 44838.548 | C3: 10/04/2022 13:08:54.438 | D3: 4.10175 | E3: 0.000370421 | F3: 98.1279 | G3: 0.00886175 | H3: 1.91586 | I3: 0.00131075 | J3: 11634.6 | K3: 922.396 | L3: 15020.9 | M3: 111.391 | N3: 501.634 | O3: 1.29612 | P3: 1.93841 | Q3: 0.00175965 | R3: 507.539 | S3: 1.15772 | T3: 506.856 | U3: 0.0461216 | V3: 22.4021 | W3: 0.0135372 | X3: 27.2099 | Y3: 0.0360325 | Z3: 3.71851 | AA3: 0.00124344 | AB3: 3.03204 | AC3: 0.000405054 | AD3: 20 | AE3: 0 | AF3: 17 | AG3: 0 | AH3: 3 | AI3: -1 | AJ3: Disabled
A4: 10 | B4: 44838.548 | C4: 10/04/2022 13:08:59.410 | D4: 4.10088 | E4: 0.00103577 | F4: 98.1071 | G4: 0.0247791 | H4: 1.91646 | I4: 0.00400475 | J4: 12422.8 | K4: 161.725 | L4: 15001.7 | M4: 131.994 | N4: 503.993 | O4: 0.491546 | P4: 1.94057 | Q4: 0.00414736 | R4: 510.333 | S4: 0.564773 | T4: 506.835 | U4: 0.0487285 | V4: 22.399 | W4: 0.00166308 | X4: 27.1984 | Y4: 0.021142 | Z4: 3.71872 | AA4: 0.000462686 | AB4: 3.03231 | AC4: 0.000292089 | AD4: 20 | AE4: 0 | AF4: 17 | AG4: 0 | AH4: 3 | AI4: -1 | AJ4: Disabled
A5: 15 | B5: 44838.548 | C5: 10/04/2022 13:09:04.383 | D5: 4.10024 | E5: 0.00111202 | F5: 98.0918 | G5: 0.0266033 | H5: 1.91613 | I5: 0.00196901 | J5: 12546.3 | K5: 94.4449 | L5: 15095.5 | M5: 82.9793 | N5: 504.155 | O5: 0.870736 | P5: 1.94047 | Q5: 0.00193096 | R5: 510.561 | S5: 0.877296 | T5: 506.837 | U5: 0.0649741 | V5: 22.4034 | W5: 0.00567767 | X5: 27.1887 | Y5: 0.0456028 | Z5: 3.7189 | AA5: 0.000587549 | AB5: 3.0322 | AC5: 0.000329704 | AD5: 20 | AE5: 0 | AF5: 17 | AG5: 0 | AH5: 3 | AI5: -1 | AJ5: Disabled
A6: 20 | B6: 44838.548 | C6: 10/04/2022 13:09:09.355 | D6: 4.1015 | E6: 0.00036041 | F6: 98.1221 | G6: 0.00862224 | H6: 1.91682 | I6: 0.00148165 | J6: 12420.9 | K6: 102.979 | L6: 15059.2 | M6: 79.9201 | N6: 507.388 | O6: 1.45628 | P6: 1.94093 | Q6: 0.00153573 | R6: 513.769 | S6: 1.50211 | T6: 506.852 | U6: 0.0510281 | V6: 22.4044 | W6: 0.00294438 | X6: 27.1996 | Y6: 0.0421732 | Z6: 3.71867 | AA6: 0.000448163 | AB6: 3.03239 | AC6: 0.000198187 | AD6: 20 | AE6: 0 | AF6: 17 | AG6: 0 | AH6: 3 | AI6: -1 | AJ6: Disabled
A7: 25 | B7: 44838.548 | C7: 10/04/2022 13:09:14.329 | D7: 4.10207 | E7: 0.000399419 | F7: 98.1357 | G7: 0.00955547 | H7: 1.91766 | I7: 0.00254075 | J7: 12462.8 | K7: 195.759 | L7: 15072.7 | M7: 139.843 | N7: 508.995 | O7: 0.537741 | P7: 1.94186 | Q7: 0.00286196 | R7: 515.419 | S7: 0.581675 | T7: 506.836 | U7: 0.0525187 | V7: 22.4095 | W7: 0.00711693 | X7: 27.2118 | Y7: 0.0321861 | Z7: 3.71875 | AA7: 0.000385859 | AB7: 3.03235 | AC7: 0.000454318 | AD7: 20 | AE7: 0 | AF7: 17 | AG7: 0 | AH7: 3 | AI7: -1 | AJ7: Disabled
A8: 30 | B8: 44838.548 | C8: 10/04/2022 13:09:19.301 | D8: 4.1015 | E8: 0.000426045 | F8: 98.1221 | G8: 0.0101925 | H8: 1.91561 | I8: 0.00438766 | J8: 12378.4 | K8: 115.52 | L8: 15009.6 | M8: 148.249 | N8: 512.169 | O8: 1.38092 | P8: 1.93962 | Q8: 0.00450521 | R8: 518.588 | S8: 1.3606 | T8: 506.87 | U8: 0.0757279 | V8: 22.4123 | W8: 0.00394571 | X8: 27.231 | Y8: 0.0231585 | Z8: 3.71836 | AA8: 0.000639969 | AB8: 3.03214 | AC8: 0.000638573 | AD8: 20 | AE8: 0 | AF8: 17 | AG8: 0 | AH8: 3 | AI8: -1 | AJ8: Disabled
A9: 35 | B9: 44838.548 | C9: 10/04/2022 13:09:24.274 | D9: 4.10048 | E9: 0.00083865 | F9: 98.0975 | G9: 0.0200634 | H9: 1.91897 | I9: 0.0035275 | J9: 11728.4 | K9: 1110.37 | L9: 15015.1 | M9: 46.0257 | N9: 512.884 | O9: 0.950831 | P9: 1.94174 | Q9: 0.0051214 | R9: 518.971 | S9: 0.947456 | T9: 506.867 | U9: 0.053986 | V9: 22.416 | W9: 0.00390687 | X9: 27.2331 | Y9: 0.0253626 | Z9: 3.71901 | AA9: 0.000413174 | AB9: 3.03198 | AC9: 0.000233401 | AD9: 20 | AE9: 0 | AF9: 17 | AG9: 0 | AH9: 3 | AI9: -1 | AJ9: Disabled
A10: 40 | B10: 44838.548 | C10: 10/04/2022 13:09:29.246 | D10: 4.09992 | E10: 0.000487692 | F10: 98.0843 | G10: 0.0116673 | H10: 1.91591 | I10: 0.00291228 | J10: 12395.5 | K10: 176.206 | L10: 15019.8 | M10: 146.93 | N10: 515.786 | O10: 0.69855 | P10: 1.93995 | Q10: 0.00292354 | R10: 522.26 | S10: 0.761409 | T10: 506.837 | U10: 0.052817 | V10: 22.409 | W10: 0.0089849 | X10: 27.1976 | Y10: 0.0355033 | Z10: 3.71904 | AA10: 0.000440716 | AB10: 3.0324 | AC10: 0.000357413 | AD10: 20 | AE10: 0 | AF10: 17 | AG10: 0 | AH10: 3 | AI10: -1 | AJ10: Disabled
A11: 45 | B11: 44838.548 | C11: 10/04/2022 13:09:34.219 | D11: 4.09835 | E11: 0.000316252 | F11: 98.0466 | G11: 0.00756584 | H11: 1.91631 | I11: 0.00312064 | J11: 12492.3 | K11: 153.43 | L11: 15020.6 | M11: 163.956 | N11: 517.743 | O11: 1.3864 | P11: 1.94055 | Q11: 0.00303093 | R11: 524.293 | S11: 1.41499 | T11: 506.86 | U11: 0.0463851 | V11: 22.4209 | W11: 0.0142678 | X11: 27.1833 | Y11: 0.00671051 | Z11: 3.71934 | AA11: 0.000444964 | AB11: 3.03232 | AC11: 0.000358235 | AD11: 20 | AE11: 0 | AF11: 17 | AG11: 0 | AH11: 3 | AI11: -1 | AJ11: Disabled
A12: 50 | B12: 44838.548 | C12: 10/04/2022 13:09:39.193 | D12: 4.09713 | E12: 0.000271233 | F12: 98.0175 | G12: 0.00648884 | H12: 1.92022 | I12: 0.00204962 | J12: 12236.3 | K12: 946.881 | L12: 15173.4 | M12: 127.183 | N12: 520.033 | O12: 0.479116 | P12: 1.94401 | Q12: 0.00347967 | R12: 526.476 | S12: 0.378972 | T12: 506.839 | U12: 0.0484657 | V12: 22.4092 | W12: 0.00416955 | X12: 27.2156 | Y12: 0.0373319 | Z12: 3.71849 | AA12: 0.000765718 | AB12: 3.03227 | AC12: 0.000445127 | AD12: 20 | AE12: 0 | AF12: 17 | AG12: 0 | AH12: 3 | AI12: -1 | AJ12: Disabled
A13: 55 | B13: 44838.548 | C13: 10/04/2022 13:09:44.164 | D13: 4.09684 | E13: 0.000207151 | F13: 98.0105 | G13: 0.00495577 | H13: 1.91758 | I13: 0.00435314 | J13: 12353.5 | K13: 204.581 | L13: 14986.2 | M13: 233.849 | N13: 521.198 | O13: 0.513304 | P13: 1.94156 | Q13: 0.00453105 | R13: 527.717 | S13: 0.605423 | T13: 506.851 | U13: 0.045289 | V13: 22.4155 | W13: 0.00742889 | X13: 27.2362 | Y13: 0.0325447 | Z13: 3.71873 | AA13: 0.000294287 | AB13: 3.03232 | AC13: 0.000382791 | AD13: 20 | AE13: 0 | AF13: 17 | AG13: 0 | AH13: 3 | AI13: -1 | AJ13: Disabled
... A54: 260 | B54: 44838.551 | C54: 10/04/2022 13:13:08.065 | D54: 4.10833 | E54: 0.00029951 | F54: 98.2853 | G54: 0.00716532 | H54: 1.91875 | I54: 0.00362697 | J54: 12598 | K54: 115.321 | L54: 15145.7 | M54: 117.642 | N54: 612.914 | O54: 0.994958 | P54: 1.94323 | Q54: 0.00366741 | R54: 620.735 | S54: 1.04397 | T54: 506.855 | U54: 0.0505624 | V54: 22.4721 | W54: 0.00328821 | X54: 27.2563 | Y54: 0.0339106 | Z54: 3.71759 | AA54: 0.000473922 | AB54: 3.03202 | AC54: 0.000242029 | AD54: 20 | AE54: 0 | AF54: 17 | AG54: 0 | AH54: 3 | AI54: -1 | AJ54: Disabled

Sheet Seam
A1: Seconds | B1: SysTime | C1: Time | D1: Batt_v | E1: Batt_v_sd | F1: BATT_PERCENT | G1: BATT_PERCENT_sd | H1: [CH4]_ppm | I1: [CH4]_ppm_sd | J1: [H2O]_ppm | K1: [H2O]_ppm_sd | L1: [H2Oa]_ppm | M1: [H2Oa]_ppm_sd | N1: [CO2]_ppm | O1: [CO2]_ppm_sd | P1: [CH4]d_ppm | Q1: [CH4]d_ppm_sd | R1: [CO2]d_ppm | S1: [CO2]d_ppm_sd | T1: GasP_torr | U1: GasP_torr_sd | V1: GasT_C | W1: GasT_C_sd | X1: AmbT_C | Y1: AmbT_C_sd | Z1: RD0_us | AA1: RD0_us_sd | AB1: RD1_us | AC1: RD1_us_sd | AD1: Temp_Status_mA | AE1: Temp_Status_mA_sd | AF1: Analyzer_Status_mA | AG1: Analyzer_Status_mA_sd | AH1: Fit_Flag | AI1: MIU_VALVE | AJ1: MIU_DESC
A2: 0 | B2: 44838.552 | C2: 10/04/2022 13:15:32.300 | D2: 4.11213 | E2: 0.000283367 | F2: 98.3763 | G2: 0.00677912 | H2: 1.91906 | I2: 0.00313953 | J2: 12329.9 | K2: 170.008 | L2: 14911.5 | M2: 207.065 | N2: 455.436 | O2: 0.964156 | P2: 1.94302 | Q2: 0.00320749 | R2: 461.122 | S2: 0.948418 | T2: 506.706 | U2: 0.0605797 | V2: 22.5123 | W2: 0.000728593 | X2: 27.3383 | Y2: 0.0205453 | Z2: 3.71744 | AA2: 0.000713883 | AB2: 3.0314 | AC2: 0.000354517 | AD2: 20 | AE2: 0 | AF2: 17 | AG2: 0 | AH2: 3 | AI2: -1 | AJ2: Disabled
A3: 5 | B3: 44838.553 | C3: 10/04/2022 13:15:37.273 | D3: 4.11256 | E3: 0.0003331 | F3: 98.3866 | G3: 0.0079689 | H3: 1.92028 | I3: 0.00392595 | J3: 12467 | K3: 116.182 | L3: 15109.7 | M3: 120.244 | N3: 458.955 | O3: 0.599886 | P3: 1.94452 | Q3: 0.00380865 | R3: 464.749 | S3: 0.572664 | T3: 506.763 | U3: 0.021084 | V3: 22.514 | W3: 0.00160023 | X3: 27.3461 | Y3: 0.0480318 | Z3: 3.71708 | AA3: 0.000279041 | AB3: 3.03139 | AC3: 0.00052425 | AD3: 20 | AE3: 0 | AF3: 17 | AG3: 0 | AH3: 3 | AI3: -1 | AJ3: Disabled
A4: 10 | B4: 44838.553 | C4: 10/04/2022 13:15:42.245 | D4: 4.11258 | E4: 0.000456611 | F4: 98.3872 | G4: 0.0109237 | H4: 1.91958 | I4: 0.00433911 | J4: 12125.4 | K4: 770.579 | L4: 15039.7 | M4: 55.008 | N4: 458.905 | O4: 1.04456 | P4: 1.94314 | Q4: 0.00439712 | R4: 464.538 | S4: 1.10057 | T4: 506.753 | U4: 0.0545897 | V4: 22.517 | W4: 0.00121042 | X4: 27.2916 | Y4: 0.0236036 | Z4: 3.7175 | AA4: 0.000540369 | AB4: 3.03171 | AC4: 0.000345982 | AD4: 20 | AE4: 0 | AF4: 17 | AG4: 0 | AH4: 3 | AI4: -1 | AJ4: Disabled
A5: 15 | B5: 44838.553 | C5: 10/04/2022 13:15:47.219 | D5: 4.11268 | E5: 0.000580086 | F5: 98.3895 | G5: 0.0138777 | H5: 1.91902 | I5: 0.00148646 | J5: 12496.9 | K5: 156.831 | L5: 15107.4 | M5: 157.54 | N5: 460.949 | O5: 1.12415 | P5: 1.94331 | Q5: 0.00166419 | R5: 466.782 | S5: 1.18404 | T5: 506.744 | U5: 0.0576519 | V5: 22.518 | W5: 0.00113478 | X5: 27.2835 | Y5: 0.0331056 | Z5: 3.71741 | AA5: 0.00026499 | AB5: 3.03137 | AC5: 0.000224047 | AD5: 20 | AE5: 0 | AF5: 17 | AG5: 0 | AH5: 3 | AI5: -1 | AJ5: Disabled
A6: 20 | B6: 44838.553 | C6: 10/04/2022 13:15:52.190 | D6: 4.11226 | E6: 0.000748113 | F6: 98.3795 | G6: 0.0178974 | H6: 1.92099 | I6: 0.00212087 | J6: 11653.6 | K6: 954.921 | L6: 15047 | M6: 217.326 | N6: 464.629 | O6: 1.57147 | P6: 1.94365 | Q6: 0.00217578 | R6: 470.107 | S6: 1.39745 | T6: 506.752 | U6: 0.0758009 | V6: 22.5223 | W6: 0.00546619 | X6: 27.3196 | Y6: 0.0326544 | Z6: 3.71744 | AA6: 0.000692084 | AB6: 3.03127 | AC6: 0.000388038 | AD6: 20 | AE6: 0 | AF6: 17 | AG6: 0 | AH6: 3 | AI6: -1 | AJ6: Disabled
A7: 25 | B7: 44838.553 | C7: 10/04/2022 13:15:57.163 | D7: 4.11119 | E7: 0.000664972 | F7: 98.3537 | G7: 0.0159084 | H7: 1.92089 | I7: 0.00421356 | J7: 12056.7 | K7: 835.928 | L7: 15001.3 | M7: 122.838 | N7: 466.944 | O7: 0.771014 | P7: 1.94433 | Q7: 0.00294777 | R7: 472.643 | S7: 1.12144 | T7: 506.743 | U7: 0.061844 | V7: 22.5214 | W7: 0.00192317 | X7: 27.3602 | Y7: 0.0393772 | Z7: 3.71825 | AA7: 0.000787412 | AB7: 3.03134 | AC7: 0.00050736 | AD7: 20 | AE7: 0 | AF7: 17 | AG7: 0 | AH7: 3 | AI7: -1 | AJ7: Disabled
A8: 30 | B8: 44838.553 | C8: 10/04/2022 13:16:02.137 | D8: 4.11081 | E8: 0.000611034 | F8: 98.3447 | G8: 0.014618 | H8: 1.91809 | I8: 0.00192205 | J8: 12090 | K8: 772.867 | L8: 15107.5 | M8: 183.326 | N8: 469.134 | O8: 1.55942 | P8: 1.94156 | Q8: 0.00267971 | R8: 474.876 | S8: 1.77077 | T8: 506.766 | U8: 0.0578082 | V8: 22.5165 | W8: 0.00075369 | X8: 27.3664 | Y8: 0.0257262 | Z8: 3.71739 | AA8: 0.000445432 | AB8: 3.03139 | AC8: 0.000354128 | AD8: 20 | AE8: 0 | AF8: 17 | AG8: 0 | AH8: 3 | AI8: -1 | AJ8: Disabled
A9: 35 | B9: 44838.553 | C9: 10/04/2022 13:16:07.109 | D9: 4.11086 | E9: 0.000384497 | F9: 98.3459 | G9: 0.0091985 | H9: 1.92188 | I9: 0.00203243 | J9: 12420.4 | K9: 142.313 | L9: 15106.3 | M9: 192.943 | N9: 471.984 | O9: 0.968243 | P9: 1.94605 | Q9: 0.00192395 | R9: 477.92 | S9: 0.95562 | T9: 506.757 | U9: 0.0597361 | V9: 22.521 | W9: 0.00319729 | X9: 27.3928 | Y9: 0.0424143 | Z9: 3.718 | AA9: 0.000329835 | AB9: 3.03113 | AC9: 0.000382278 | AD9: 20 | AE9: 0 | AF9: 17 | AG9: 0 | AH9: 3 | AI9: -1 | AJ9: Disabled
A10: 40 | B10: 44838.553 | C10: 10/04/2022 13:16:12.082 | D10: 4.11085 | E10: 0.000270505 | F10: 98.3458 | G10: 0.00647141 | H10: 1.92186 | I10: 0.00198163 | J10: 12431 | K10: 157.981 | L10: 15107.9 | M10: 169.355 | N10: 474.945 | O10: 0.85053 | P10: 1.94606 | Q10: 0.00194671 | R10: 480.923 | S10: 0.857747 | T10: 506.758 | U10: 0.0641584 | V10: 22.5251 | W10: 0.00182272 | X10: 27.4128 | Y10: 0.0210656 | Z10: 3.7178 | AA10: 0.00061079 | AB10: 3.03115 | AC10: 0.000518816 | AD10: 20 | AE10: 0 | AF10: 17 | AG10: 0 | AH10: 3 | AI10: -1 | AJ10: Disabled
A11: 45 | B11: 44838.553 | C11: 10/04/2022 13:16:17.054 | D11: 4.11045 | E11: 0.000323489 | F11: 98.336 | G11: 0.00773896 | H11: 1.92082 | I11: 0.00336132 | J11: 12136.2 | K11: 863.969 | L11: 15089 | M11: 79.2387 | N11: 477.107 | O11: 1.53049 | P11: 1.94442 | Q11: 0.00404764 | R11: 482.969 | S11: 1.47185 | T11: 506.782 | U11: 0.0396585 | V11: 22.524 | W11: 0.0015363 | X11: 27.4281 | Y11: 0.0388392 | Z11: 3.71772 | AA11: 0.000367467 | AB11: 3.03135 | AC11: 0.000507957 | AD11: 20 | AE11: 0 | AF11: 17 | AG11: 0 | AH11: 3 | AI11: -1 | AJ11: Disabled
A12: 50 | B12: 44838.553 | C12: 10/04/2022 13:16:22.027 | D12: 4.11105 | E12: 0.000182346 | F12: 98.3504 | G12: 0.00436234 | H12: 1.92171 | I12: 0.00133291 | J12: 11981.8 | K12: 894.655 | L12: 15114.2 | M12: 183.272 | N12: 479.176 | O12: 0.588356 | P12: 1.94502 | Q12: 0.00163249 | R12: 484.987 | S12: 0.527175 | T12: 506.794 | U12: 0.0796573 | V12: 22.5276 | W12: 0.000566284 | X12: 27.4044 | Y12: 0.025527 | Z12: 3.71736 | AA12: 0.000800065 | AB12: 3.03141 | AC12: 0.000412383 | AD12: 20 | AE12: 0 | AF12: 17 | AG12: 0 | AH12: 3 | AI12: -1 | AJ12: Disabled
A13: 55 | B13: 44838.553 | C13: 10/04/2022 13:16:27.000 | D13: 4.11166 | E13: 0.000318998 | F13: 98.3651 | G13: 0.00763153 | H13: 1.92334 | I13: 0.00449748 | J13: 12300.7 | K13: 173.798 | L13: 15079.2 | M13: 148.187 | N13: 482.686 | O13: 0.688984 | P13: 1.94729 | Q13: 0.0046605 | R13: 488.698 | S13: 0.657557 | T13: 506.778 | U13: 0.0716198 | V13: 22.527 | W13: 0.000864063 | X13: 27.4151 | Y13: 0.0248131 | Z13: 3.71771 | AA13: 0.000489948 | AB13: 3.0312 | AC13: 0.000249903 | AD13: 20 | AE13: 0 | AF13: 17 | AG13: 0 | AH13: 3 | AI13: -1 | AJ13: Disabled
... A31: 145 | B31: 44838.554 | C31: 10/04/2022 13:17:56.522 | D31: 4.11247 | E31: 0.000271126 | F31: 98.3845 | G31: 0.00648626 | H31: 1.92462 | I31: 0.00168398 | J31: 11942.5 | K31: 856.748 | L31: 14970.5 | M31: 114.041 | N31: 534.081 | O31: 0.922968 | P31: 1.94789 | Q31: 0.00241241 | R31: 540.538 | S31: 1.36464 | T31: 506.79 | U31: 0.0332674 | V31: 22.5579 | W31: 0.000997517 | X31: 27.476 | Y31: 0.0219824 | Z31: 3.71788 | AA31: 0.000778985 | AB31: 3.03217 | AC31: 0.000242729 | AD31: 20 | AE31: 0 | AF31: 17 | AG31: 0 | AH31: 3 | AI31: -1 | AJ31: Disabled

Sheet Statistics
B1: CH4 | C1: CH4 | D1: CH4 | E1: CH4 | F1: CH4 | G1: CO2 | H1: CO2 | I1: CO2 | J1: CO2 | K1: CO2
A2: Height | B2: Linear Slope | C2: Linear Flux | D2: Linear R2 | E2: Exponential Slope | F2: Exponential R2 | G2: Linear Slope | H2: Linear Flux | I2: Linear R2 | J2: Exponential Slope | K2: Exponential R2
A3: 1000 | B3: =SLOPE('1000cm'!P:P,'1000cm'!A:A) -> 1.1529365e-05 | C3: =B3*($F$24/$F$25)*($F$27/($F$26*(10+273)))*1000 -> 0.023203583 | D3: =RSQ('1000cm'!P:P,'1000cm'!A:A) -> 0.6572135 | G3: =SLOPE('1000cm'!R:R,'1000cm'!A:A) -> 0.4319243 | H3: =G3*($F$24/$F$25)*($F$27/($F$26*(10+273))) -> 0.86927518 | I3: =RSQ('1000cm'!R:R,'1000cm'!A:A) -> 0.99901733
A4: 800 | B4: =SLOPE('800cm'!P:P,'800cm'!A:A) -> 3.269911e-05 | C4: =B4*($F$24/$F$25)*($F$27/($F$26*(10+273)))*1000 -> 0.065809041 | D4: =RSQ('800cm'!P:P,'800cm'!A:A) -> 0.97769396 | G4: =SLOPE('800cm'!R:R,'800cm'!A:A) -> 0.46357075 | H4: =G4*($F$24/$F$25)*($F$27/($F$26*(10+273))) -> 0.93296568 | I4: =RSQ('800cm'!R:R,'800cm'!A:A) -> 0.99855938
A5: 600 | B5: =SLOPE('600cm'!P:P,'600cm'!A:A) -> 1.2055069e-05 | C5: =B5*($F$24/$F$25)*($F$27/($F$26*(10+273)))*1000 -> 0.024261595 | D5: =RSQ('600cm'!P:P,'600cm'!A:A) -> 0.83512496 | G5: =SLOPE('600cm'!R:R,'600cm'!A:A) -> 0.4222397 | H5: =G5*($F$24/$F$25)*($F$27/($F$26*(10+273))) -> 0.84978429 | I5: =RSQ('600cm'!R:R,'600cm'!A:A) -> 0.99717121
A6: 400 | B6: =SLOPE('400cm'!P:P,'400cm'!A:A) -> 0.00013702311 | C6: =B6*($F$24/$F$25)*($F$27/($F$26*(10+273)))*1000 -> 0.27576774 | D6: =RSQ('400cm'!P:P,'800cm'!A:A) -> 0.99447442 | G6: =SLOPE('400cm'!R:R,'400cm'!A:A) -> 0.53805433 | H6: =G6*($F$24/$F$25)*($F$27/($F$26*(10+273))) -> 1.0828686 | I6: =RSQ('400cm'!R:R,'400cm'!A:A) -> 0.99863568
A7: 200 | B7: =SLOPE('200cm'!P:P,'200cm'!A:A) -> 1.4982532e-05 | C7: =B7*($F$24/$F$25)*($F$27/($F$26*(10+273)))*1000 -> 0.0301533 | D7: =RSQ('200cm'!P:P,'200cm'!A:A) -> 0.50437495 | G7: =SLOPE('200cm'!R:R,'200cm'!A:A) -> 0.4785578 | H7: =G7*($F$24/$F$25)*($F$27/($F$26*(10+273))) -> 0.96312806 | I7: =RSQ('200cm'!R:R,'200cm'!A:A) -> 0.99784312
A8: 125 | B8: =SLOPE('125cm'!P:P,'125cm'!A:A) -> 1.5506912e-05 | C8: =B8*($F$24/$F$25)*($F$27/($F$26*(10+273)))*1000 -> 0.031208648 | D8: =RSQ('125cm'!P:P,'125cm'!A:A) -> 0.72568045 | G8: =SLOPE('125cm'!R:R,'125cm'!A:A) -> 0.54562453 | H8: =G8*($F$24/$F$25)*($F$27/($F$26*(10+273))) -> 1.0981041 | I8: =RSQ('125cm'!R:R,'125cm'!A:A) -> 0.99951476
A9: 50 | B9: =SLOPE('50cm'!P:P,'50cm'!A:A) -> 1.1353008e-06 | C9: =B9*($F$24/$F$25)*($F$27/($F$26*(10+273)))*1000 -> 0.0022848651 | D9: =RSQ('50cm'!P:P,'50cm'!A:A) -> 0.0027492085 | G9: =SLOPE('50cm'!R:R,'50cm'!A:A) -> 0.45930929 | H9: =G9*($F$24/$F$25)*($F$27/($F$26*(10+273))) -> 0.92438921 | I9: =RSQ('50cm'!R:R,'50cm'!A:A) -> 0.99818583
A10: Seam | B10: =SLOPE(Seam!P:P,Seam!A:A) -> 3.0384427e-05 | C10: =B10*($F$24/$F$25)*($F$27/($F$26*(10+273)))*1000 -> 0.061150595 | D10: =RSQ(Seam!P:P,Seam!A:A) -> 0.51726033 | G10: =SLOPE(Seam!R:R,'800cm'!A:A) -> 0.55527324 | H10: =G10*($F$24/$F$25)*($F$27/($F$26*(10+273))) -> 1.1175228 | I10: =RSQ('800cm'!R:R,Seam!A:A) -> 0.9961607
E24: vol | F24: 0.002531942
E25: area | F25: 0.0541751
E26: glc | F26: 0.00831447
E27: pressure | F27: 101.325
