Workbook

Sheet Raw Data
B1: Sample ID | C1: File | D1: Date | E1: Time | G1: Certified Conc.CH4 ppm | H1: Area CH4 | I1: CALCULATED | L1: Certified Conc.CO2 ppm | M1: Area CO2 | N1: CALCULATED | T1: Certified Conc. O2 ppm | U1: Area O2 | V1: CALCULATED | AD1: Certified Conc. N2O ppm | AE1: Area N2O | AF1: CALCULATED
A2: 1 | B2: Lab Air Blank | C2: F220928s01.CHR | D2: 44832 | E2: 0.78709491 | F2: CH4 | G2: 1.403 | H2: 0.3412 | I2: 0.7821 | J2: ppm | K2: CO2 | L2: 1.923 | M2: 107.5538 | N2: 255.887 | O2: ppm | P2: E220928s01.CHR | Q2: 44832 | R2: 0.78709491 | S2: O2 | T2: 1.163 | U2: 3443.5487 | V2: 0 | X2: CO2 | Y2: 1.9 | Z2: 3.3486 | AA2: 0 | AC2: N2O | AD2: 2.223 | AE2: 65.2496 | AF2: 0.2529 | AG2: ppm | AH2: 6 | AI2: 2.676 | AJ2: 43.182 | AK2: 16.4332
A3: 2 | B3: Lab Air Blank | C3: F220928s02.CHR | D3: 44832 | E3: 0.79084491 | F3: CH4 | G3: 1.403 | H3: 0.2886 | I3: 0.5221 | J3: ppm | K3: CO2 | L3: 1.92 | M3: 92.795 | N3: 204.2396 | O3: ppm | P3: E220928s02.CHR | Q3: 44832 | R3: 0.79084491 | S3: O2 | T3: 1.16 | U3: 3193.884 | V3: 0 | X3: CO2 | Y3: 1.893 | Z3: 2.7666 | AA3: 0 | AC3: N2O | AD3: 2.223 | AE3: 56.2452 | AF3: 0.2207 | AG3: ppm | AH3: 6 | AI3: 2.673 | AJ3: 31.0024 | AK3: 11.7981
A4: 3 | B4: Lab Air Blank | C4: F220928s03.CHR | D4: 44832 | E4: 0.79460648 | F4: CH4 | G4: 1.403 | H4: 0.2869 | I4: 0.5137 | J4: ppm | K4: CO2 | L4: 1.923 | M4: 83.8809 | N4: 173.0454 | O4: ppm | P4: E220928s03.CHR | Q4: 44832 | R4: 0.79460648 | S4: O2 | T4: 1.163 | U4: 3134.6018 | V4: 0 | X4: CO2 | Y4: 0 | Z4: 0 | AA4: 0 | AC4: N2O | AD4: 2.226 | AE4: 55.7161 | AF4: 0.2188 | AG4: ppm | AH4: 6 | AI4: 2.663 | AJ4: 30.9716 | AK4: 11.7864
A5: 4 | B5: Lab Air Blank | C5: F220928s04.CHR | D5: 44832 | E5: 0.79835648 | F5: CH4 | G5: 1.41 | H5: 0.3664 | I5: 0.9066 | J5: ppm | K5: CO2 | L5: 1.933 | M5: 106.3448 | N5: 251.6562 | O5: ppm | P5: E220928s04.CHR | Q5: 44832 | R5: 0.79835648 | S5: O2 | T5: 1.17 | U5: 3523.4862 | V5: 0 | X5: CO2 | Y5: 1.91 | Z5: 4.6848 | AA5: 0 | AC5: N2O | AD5: 2.233 | AE5: 67.1442 | AF5: 0.2597 | AG5: ppm | AH5: 6 | AI5: 2.676 | AJ5: 41.9699 | AK5: 15.9719
A6: 5 | B6: Lab Air Blank | C6: F220928s05.CHR | D6: 44832 | E6: 0.80211806 | F6: CH4 | G6: 1.403 | H6: 0.2984 | I6: 0.5705 | J6: ppm | K6: CO2 | L6: 1.923 | M6: 83.413 | N6: 171.408 | O6: ppm | P6: E220928s05.CHR | Q6: 44832 | R6: 0.80211806 | S6: O2 | T6: 1.16 | U6: 3125.125 | V6: 0 | X6: CO2 | Y6: 0 | Z6: 0 | AA6: 0 | AC6: N2O | AD6: 2.226 | AE6: 55.3161 | AF6: 0.2174 | AG6: ppm | AH6: 6 | AI6: 2.67 | AJ6: 27.2487 | AK6: 10.3696
A7: 6 | B7: Lab Air Blank | C7: F220928s06.CHR | D7: 44832 | E7: 0.80586806 | F7: CH4 | G7: 1.403 | H7: 0.3589 | I7: 0.8696 | J7: ppm | K7: CO2 | L7: 1.92 | M7: 100.3836 | N7: 230.7954 | O7: ppm | P7: E220928s06.CHR | Q7: 44832 | R7: 0.80586806 | S7: O2 | T7: 1.16 | U7: 3358.205 | V7: 0 | X7: CO2 | Y7: 1.89 | Z7: 2.9244 | AA7: 0 | AC7: N2O | AD7: 2.22 | AE7: 65.1327 | AF7: 0.2525 | AG7: ppm | AH7: 6 | AI7: 2.673 | AJ7: 42.645 | AK7: 16.2288
A8: 7 | B8: Lab Air Blank | C8: F220928s07.CHR | D8: 44832 | E8: 0.80961806 | F8: CH4 | G8: 1.41 | H8: 0.3272 | I8: 0.7129 | J8: ppm | K8: CO2 | L8: 1.926 | M8: 93.5093 | N8: 206.7393 | O8: ppm | P8: E220928s07.CHR | Q8: 44832 | R8: 0.80961806 | S8: O2 | T8: 1.166 | U8: 3204.0272 | V8: 0 | X8: CO2 | Y8: 1.883 | Z8: 3.264 | AA8: 0 | AC8: N2O | AD8: 2.226 | AE8: 61.67 | AF8: 0.2401 | AG8: ppm | AH8: 6 | AI8: 2.67 | AJ8: 34.0302 | AK8: 12.9504
A9: 8 | B9: Lab Air Blank | C9: F220928s08.CHR | D9: 44832 | E9: 0.81337963 | F9: CH4 | G9: 1.413 | H9: 0.3606 | I9: 0.878 | J9: ppm | K9: CO2 | L9: 1.936 | M9: 94.233 | N9: 209.2718 | O9: ppm | P9: E220928s08.CHR | Q9: 44832 | R9: 0.81337963 | S9: O2 | T9: 1.17 | U9: 3344.1683 | V9: 0 | X9: CO2 | Y9: 1.903 | Z9: 3.6741 | AA9: 0 | AC9: N2O | AD9: 2.236 | AE9: 62.0368 | AF9: 0.2414 | AG9: ppm | AH9: 6 | AI9: 2.69 | AJ9: 35.963 | AK9: 13.6859
A10: 9 | B10: Lab Air Blank | C10: F220928s09.CHR | D10: 44832 | E10: 0.8171412 | F10: CH4 | G10: 1.403 | H10: 0.2887 | I10: 0.5226 | J10: ppm | K10: CO2 | L10: 1.923 | M10: 87.2518 | N10: 184.8416 | O10: ppm | P10: E220928s09.CHR | Q10: 44832 | R10: 0.8171412 | S10: O2 | T10: 1.163 | U10: 3100.4319 | V10: 0 | X10: CO2 | Y10: 0 | Z10: 0 | AA10: 0 | AC10: N2O | AD10: 2.226 | AE10: 56.3138 | AF10: 0.221 | AG10: ppm | AH10: 6 | AI10: 2.673 | AJ10: 35.0287 | AK10: 13.3304
A11: 10 | B11: Lab Air Blank | C11: F220928s10.CHR | D11: 44832 | E11: 0.8208912 | F11: CH4 | G11: 1.403 | H11: 0.3725 | I11: 0.9368 | J11: ppm | K11: CO2 | L11: 1.92 | M11: 99.5922 | N11: 228.0259 | O11: ppm | P11: E220928s10.CHR | Q11: 44832 | R11: 0.8208912 | S11: O2 | T11: 1.16 | U11: 3299.626 | V11: 0 | X11: CO2 | Y11: 0 | Z11: 0 | AA11: 0 | AC11: N2O | AD11: 2.223 | AE11: 65.1079 | AF11: 0.2524 | AG11: ppm | AH11: 6 | AI11: 2.673 | AJ11: 40.2952 | AK11: 15.3346
A12: 11 | B12: N2 | C12: F220928s11.CHR | D12: 44832 | E12: 0.82465278 | F12: CH4 | G12: 0 | H12: 0 | I12: 0 | J12: ppm | K12: CO2 | L12: 1.913 | M12: 42.8348 | N12: 29.4076 | O12: ppm | P12: E220928s11.CHR | Q12: 44832 | R12: 0.82465278 | S12: O2 | T12: 1.156 | U12: 1189.507 | V12: 0 | X12: CO2 | Y12: 0 | Z12: 0 | AA12: 0 | AC12: N2O | AD12: 2.213 | AE12: 19.1882 | AF12: 0.0882 | AG12: ppm | AH12: 6 | AI12: 0 | AJ12: 0 | AK12: 0
A13: 12 | B13: Lab Air Blank | C13: F220928s12.CHR | D13: 44832 | E13: 0.82840278 | F13: CH4 | G13: 1.4 | H13: 0.316 | I13: 0.6575 | J13: ppm | K13: CO2 | L13: 1.92 | M13: 90.0391 | N13: 194.5956 | O13: ppm | P13: E220928s12.CHR | Q13: 44832 | R13: 0.82840278 | S13: O2 | T13: 1.16 | U13: 3125.5168 | V13: 0 | X13: CO2 | Y13: 1.903 | Z13: 2.689 | AA13: 0 | AC13: N2O | AD13: 2.223 | AE13: 56.7014 | AF13: 0.2224 | AG13: ppm | AH13: 6 | AI13: 2.67 | AJ13: 37.0559 | AK13: 14.1018
... A101: 100 | B101: Lab Air Blank | C101: F220928s100.CHR | D101: 44833 | E101: 0.15886574 | F101: CH4 | G101: 1.403 | H101: 0.3494 | I101: 0.8226 | J101: ppm | K101: CO2 | L101: 1.923 | M101: 100.9591 | N101: 232.8093 | O101: ppm | P101: E220928s100.CHR | Q101: 44833 | R101: 0.15886574 | S101: O2 | T101: 1.166 | U101: 3245.4588 | V101: 0 | X101: CO2 | Y101: 1.91 | Z101: 2.8881 | AA101: 0 | AC101: N2O | AD101: 2.223 | AE101: 65.5424 | AF101: 0.254 | AG101: ppm | AH101: 6 | AI101: 2.673 | AJ101: 43.2083 | AK101: 16.4432

Sheet Std Conc
B1: Stock [CO2] | C1: Stock [CH4] | D1: Stock [N2O] | E1: Stock [O2] | F1: mL Stock | G1: mL N2 | H1: CO2 | I1: CH4 | J1: N2O | K1: O2
A2: Lab Air Blank | H2: =(B2*$F2)/18 -> 0 | I2: =(C2*$F2)/18 -> 0 | J2: =(D2*$F2)/18 -> 0 | K2: =(E2*$F2)/18 -> 0
A3: N2 | B3: 0 | C3: 0 | D3: 0 | E3: 0 | F3: 0 | G3: 18 | H3: =(B3*$F3)/18 -> 0 | I3: =(C3*$F3)/18 -> 0 | J3: =(D3*$F3)/18 -> 0 | K3: =(E3*$F3)/18 -> 0
A4: SB1 | B4: 152.4 | C4: 0.9763 | D4: 0.228 | E4: 180100 | F4: 18 | G4: 0 | H4: =(B4*$F4)/18 -> 152.4 | I4: =(C4*$F4)/18 -> 0.9763 | J4: =(D4*$F4)/18 -> 0.228 | K4: =(E4*$F4)/18 -> 180100
A5: SB2 | B5: 426.2 | C5: 3.008 | D5: 0.379 | E5: 240100 | F5: 18 | G5: 0 | H5: =(B5*$F5)/18 -> 426.2 | I5: =(C5*$F5)/18 -> 3.008 | J5: =(D5*$F5)/18 -> 0.379 | K5: =(E5*$F5)/18 -> 240100
A6: SB3 | B6: 2013 | C6: 20.64 | D6: 0.495 | E6: 200500 | F6: 18 | G6: 0 | H6: =(B6*$F6)/18 -> 2013 | I6: =(C6*$F6)/18 -> 20.64 | J6: =(D6*$F6)/18 -> 0.495 | K6: =(E6*$F6)/18 -> 200500
A7: SB4 | B7: 4967 | C7: 201.4 | D7: 2.49 | E7: 200700 | F7: 18 | G7: 0 | H7: =(B7*$F7)/18 -> 4967 | I7: =(C7*$F7)/18 -> 201.4 | J7: =(D7*$F7)/18 -> 2.49 | K7: =(E7*$F7)/18 -> 200700
A8: SB5 | B8: 10080 | C8: 5029 | D8: 5 | E8: 202000 | F8: 18 | G8: 0 | H8: =(B8*$F8)/18 -> 10080 | I8: =(C8*$F8)/18 -> 5029 | J8: =(D8*$F8)/18 -> 5 | K8: =(E8*$F8)/18 -> 202000
A9: SB6 | B9: 49990 | C9: 60340 | D9: 20 | F9: 18 | G9: 0 | H9: =(B9*$F9)/18 -> 49990 | I9: =(C9*$F9)/18 -> 60340 | J9: =(D9*$F9)/18 -> 20 | K9: =(E9*$F9)/18 -> 0
A10: Outdoor Air 1 | B10: 415 | C10: 1.8 | D10: 0.325 | E10: 209500 | F10: 0 | G10: 18 | H10: =(B10*$F10)/18 -> 0 | I10: =(C10*$F10)/18 -> 0 | J10: =(D10*$F10)/18 -> 0 | K10: =(E10*$F10)/18 -> 0
A11: Outdoor Air 2 | B11: 415 | C11: 1.8 | D11: 0.325 | E11: 209500 | F11: 3 | G11: 15 | H11: =(B11*$F11)/18 -> 69.166667 | I11: =(C11*$F11)/18 -> 0.3 | J11: =(D11*$F11)/18 -> 0.054166667 | K11: =(E11*$F11)/18 -> 34916.667
A12: Outdoor Air 3 | B12: 415 | C12: 1.8 | D12: 0.325 | E12: 209500 | F12: 6 | G12: 12 | H12: =(B12*$F12)/18 -> 138.33333 | I12: =(C12*$F12)/18 -> 0.6 | J12: =(D12*$F12)/18 -> 0.10833333 | K12: =(E12*$F12)/18 -> 69833.333
A13: Outdoor Air 4 | B13: 415 | C13: 1.8 | D13: 0.325 | E13: 209500 | F13: 9 | G13: 9 | H13: =(B13*$F13)/18 -> 207.5 | I13: =(C13*$F13)/18 -> 0.9 | J13: =(D13*$F13)/18 -> 0.1625 | K13: =(E13*$F13)/18 -> 104750
A14: Outdoor Air 5 | B14: 415 | C14: 1.8 | D14: 0.325 | E14: 209500 | F14: 12 | G14: 6 | H14: =(B14*$F14)/18 -> 276.66667 | I14: =(C14*$F14)/18 -> 1.2 | J14: =(D14*$F14)/18 -> 0.21666667 | K14: =(E14*$F14)/18 -> 139666.67
A15: Outdoor Air 6 | B15: 415 | C15: 1.8 | D15: 0.325 | E15: 209500 | F15: 15 | G15: 3 | H15: =(B15*$F15)/18 -> 345.83333 | I15: =(C15*$F15)/18 -> 1.5 | J15: =(D15*$F15)/18 -> 0.27083333 | K15: =(E15*$F15)/18 -> 174583.33
A16: Outdoor Air 7 | B16: 415 | C16: 1.8 | D16: 0.325 | E16: 209500 | F16: 18 | G16: 0 | H16: =(B16*$F16)/18 -> 415 | I16: =(C16*$F16)/18 -> 1.8 | J16: =(D16*$F16)/18 -> 0.325 | K16: =(E16*$F16)/18 -> 209500
A17: Oxygen Standard 1 | B17: 0 | C17: 0 | D17: 0 | E17: 1000000 | F17: 0 | G17: 18 | H17: =(B17*$F17)/18 -> 0 | I17: =(C17*$F17)/18 -> 0 | J17: =(D17*$F17)/18 -> 0 | K17: =(E17*$F17)/18 -> 0
A18: Oxygen Standard 2 | B18: 0 | C18: 0 | D18: 0 | E18: 1000000 | F18: 0.5 | G18: 17.5 | H18: =(B18*$F18)/18 -> 0 | I18: =(C18*$F18)/18 -> 0 | J18: =(D18*$F18)/18 -> 0 | K18: =(E18*$F18)/18 -> 27777.778
A19: Oxygen Standard 3 | B19: 0 | C19: 0 | D19: 0 | E19: 1000000 | F19: 1 | G19: 17 | H19: =(B19*$F19)/18 -> 0 | I19: =(C19*$F19)/18 -> 0 | J19: =(D19*$F19)/18 -> 0 | K19: =(E19*$F19)/18 -> 55555.556
A20: Oxygen Standard 4 | B20: 0 | C20: 0 | D20: 0 | E20: 1000000 | F20: 2 | G20: 16 | H20: =(B20*$F20)/18 -> 0 | I20: =(C20*$F20)/18 -> 0 | J20: =(D20*$F20)/18 -> 0 | K20: =(E20*$F20)/18 -> 111111.11
A21: Oxygen Standard 5 | B21: 0 | C21: 0 | D21: 0 | E21: 1000000 | F21: 3 | G21: 15 | H21: =(B21*$F21)/18 -> 0 | I21: =(C21*$F21)/18 -> 0 | J21: =(D21*$F21)/18 -> 0 | K21: =(E21*$F21)/18 -> 166666.67

Sheet Merge Std Conc
B1: Sample ID | C1: File | D1: Gas | E1: Standard Concentration | F1: Area CH4 | G1: Gas | H1: Standard Concentration | I1: Area CO2 | J1: Gas | K1: Standard Concentration | L1: Area O2 | M1: Gas | N1: Standard Concentration | O1: Area N2O
A2: 1 | B2: Lab Air Blank | C2: F220928s01.CHR | D2: CH4 | E2: =VLOOKUP($B2, 'Std Conc'!$A$2:$K$21, MATCH(D2, 'Std Conc'!$A$1:$K$1,0),FALSE) -> 0 | F2: 0.3412 | G2: CO2 | H2: =VLOOKUP($B2, 'Std Conc'!$A$2:$K$21, MATCH(G2, 'Std Conc'!$A$1:$K$1,0),FALSE) -> 0 | I2: 107.5538 | J2: O2 | K2: =VLOOKUP($B2, 'Std Conc'!$A$2:$K$21, MATCH(J2, 'Std Conc'!$A$1:$K$1,0),FALSE) -> 0 | L2: 3443.5487 | M2: N2O | N2: =VLOOKUP($B2, 'Std Conc'!$A$2:$K$21, MATCH(M2, 'Std Conc'!$A$1:$K$1,0),FALSE) -> 0 | O2: 65.2496
A3: 2 | B3: Lab Air Blank | C3: F220928s02.CHR | D3: CH4 | E3: =VLOOKUP($B3, 'Std Conc'!$A$2:$K$21, MATCH(D3, 'Std Conc'!$A$1:$K$1,0),FALSE) -> 0 | F3: 0.2886 | G3: CO2 | H3: =VLOOKUP($B3, 'Std Conc'!$A$2:$K$21, MATCH(G3, 'Std Conc'!$A$1:$K$1,0),FALSE) -> 0 | I3: 92.795 | J3: O2 | K3: =VLOOKUP($B3, 'Std Conc'!$A$2:$K$21, MATCH(J3, 'Std Conc'!$A$1:$K$1,0),FALSE) -> 0 | L3: 3193.884 | M3: N2O | N3: =VLOOKUP($B3, 'Std Conc'!$A$2:$K$21, MATCH(M3, 'Std Conc'!$A$1:$K$1,0),FALSE) -> 0 | O3: 56.2452
A4: 3 | B4: Lab Air Blank | C4: F220928s03.CHR | D4: CH4 | E4: =VLOOKUP($B4, 'Std Conc'!$A$2:$K$21, MATCH(D4, 'Std Conc'!$A$1:$K$1,0),FALSE) -> 0 | F4: 0.2869 | G4: CO2 | H4: =VLOOKUP($B4, 'Std Conc'!$A$2:$K$21, MATCH(G4, 'Std Conc'!$A$1:$K$1,0),FALSE) -> 0 | I4: 83.8809 | J4: O2 | K4: =VLOOKUP($B4, 'Std Conc'!$A$2:$K$21, MATCH(J4, 'Std Conc'!$A$1:$K$1,0),FALSE) -> 0 | L4: 3134.6018 | M4: N2O | N4: =VLOOKUP($B4, 'Std Conc'!$A$2:$K$21, MATCH(M4, 'Std Conc'!$A$1:$K$1,0),FALSE) -> 0 | O4: 55.7161
A5: 4 | B5: Lab Air Blank | C5: F220928s04.CHR | D5: CH4 | E5: =VLOOKUP($B5, 'Std Conc'!$A$2:$K$21, MATCH(D5, 'Std Conc'!$A$1:$K$1,0),FALSE) -> 0 | F5: 0.3664 | G5: CO2 | H5: =VLOOKUP($B5, 'Std Conc'!$A$2:$K$21, MATCH(G5, 'Std Conc'!$A$1:$K$1,0),FALSE) -> 0 | I5: 106.3448 | J5: O2 | K5: =VLOOKUP($B5, 'Std Conc'!$A$2:$K$21, MATCH(J5, 'Std Conc'!$A$1:$K$1,0),FALSE) -> 0 | L5: 3523.4862 | M5: N2O | N5: =VLOOKUP($B5, 'Std Conc'!$A$2:$K$21, MATCH(M5, 'Std Conc'!$A$1:$K$1,0),FALSE) -> 0 | O5: 67.1442
A6: 5 | B6: Lab Air Blank | C6: F220928s05.CHR | D6: CH4 | E6: =VLOOKUP($B6, 'Std Conc'!$A$2:$K$21, MATCH(D6, 'Std Conc'!$A$1:$K$1,0),FALSE) -> 0 | F6: 0.2984 | G6: CO2 | H6: =VLOOKUP($B6, 'Std Conc'!$A$2:$K$21, MATCH(G6, 'Std Conc'!$A$1:$K$1,0),FALSE) -> 0 | I6: 83.413 | J6: O2 | K6: =VLOOKUP($B6, 'Std Conc'!$A$2:$K$21, MATCH(J6, 'Std Conc'!$A$1:$K$1,0),FALSE) -> 0 | L6: 3125.125 | M6: N2O | N6: =VLOOKUP($B6, 'Std Conc'!$A$2:$K$21, MATCH(M6, 'Std Conc'!$A$1:$K$1,0),FALSE) -> 0 | O6: 55.3161
A7: 6 | B7: Lab Air Blank | C7: F220928s06.CHR | D7: CH4 | E7: =VLOOKUP($B7, 'Std Conc'!$A$2:$K$21, MATCH(D7, 'Std Conc'!$A$1:$K$1,0),FALSE) -> 0 | F7: 0.3589 | G7: CO2 | H7: =VLOOKUP($B7, 'Std Conc'!$A$2:$K$21, MATCH(G7, 'Std Conc'!$A$1:$K$1,0),FALSE) -> 0 | I7: 100.3836 | J7: O2 | K7: =VLOOKUP($B7, 'Std Conc'!$A$2:$K$21, MATCH(J7, 'Std Conc'!$A$1:$K$1,0),FALSE) -> 0 | L7: 3358.205 | M7: N2O | N7: =VLOOKUP($B7, 'Std Conc'!$A$2:$K$21, MATCH(M7, 'Std Conc'!$A$1:$K$1,0),FALSE) -> 0 | O7: 65.1327
A8: 7 | B8: Lab Air Blank | C8: F220928s07.CHR | D8: CH4 | E8: =VLOOKUP($B8, 'Std Conc'!$A$2:$K$21, MATCH(D8, 'Std Conc'!$A$1:$K$1,0),FALSE) -> 0 | F8: 0.3272 | G8: CO2 | H8: =VLOOKUP($B8, 'Std Conc'!$A$2:$K$21, MATCH(G8, 'Std Conc'!$A$1:$K$1,0),FALSE) -> 0 | I8: 93.5093 | J8: O2 | K8: =VLOOKUP($B8, 'Std Conc'!$A$2:$K$21, MATCH(J8, 'Std Conc'!$A$1:$K$1,0),FALSE) -> 0 | L8: 3204.0272 | M8: N2O | N8: =VLOOKUP($B8, 'Std Conc'!$A$2:$K$21, MATCH(M8, 'Std Conc'!$A$1:$K$1,0),FALSE) -> 0 | O8: 61.67
A9: 8 | B9: Lab Air Blank | C9: F220928s08.CHR | D9: CH4 | E9: =VLOOKUP($B9, 'Std Conc'!$A$2:$K$21, MATCH(D9, 'Std Conc'!$A$1:$K$1,0),FALSE) -> 0 | F9: 0.3606 | G9: CO2 | H9: =VLOOKUP($B9, 'Std Conc'!$A$2:$K$21, MATCH(G9, 'Std Conc'!$A$1:$K$1,0),FALSE) -> 0 | I9: 94.233 | J9: O2 | K9: =VLOOKUP($B9, 'Std Conc'!$A$2:$K$21, MATCH(J9, 'Std Conc'!$A$1:$K$1,0),FALSE) -> 0 | L9: 3344.1683 | M9: N2O | N9: =VLOOKUP($B9, 'Std Conc'!$A$2:$K$21, MATCH(M9, 'Std Conc'!$A$1:$K$1,0),FALSE) -> 0 | O9: 62.0368
A10: 9 | B10: Lab Air Blank | C10: F220928s09.CHR | D10: CH4 | E10: =VLOOKUP($B10, 'Std Conc'!$A$2:$K$21, MATCH(D10, 'Std Conc'!$A$1:$K$1,0),FALSE) -> 0 | F10: 0.2887 | G10: CO2 | H10: =VLOOKUP($B10, 'Std Conc'!$A$2:$K$21, MATCH(G10, 'Std Conc'!$A$1:$K$1,0),FALSE) -> 0 | I10: 87.2518 | J10: O2 | K10: =VLOOKUP($B10, 'Std Conc'!$A$2:$K$21, MATCH(J10, 'Std Conc'!$A$1:$K$1,0),FALSE) -> 0 | L10: 3100.4319 | M10: N2O | N10: =VLOOKUP($B10, 'Std Conc'!$A$2:$K$21, MATCH(M10, 'Std Conc'!$A$1:$K$1,0),FALSE) -> 0 | O10: 56.3138
A11: 10 | B11: Lab Air Blank | C11: F220928s10.CHR | D11: CH4 | E11: =VLOOKUP($B11, 'Std Conc'!$A$2:$K$21, MATCH(D11, 'Std Conc'!$A$1:$K$1,0),FALSE) -> 0 | F11: 0.3725 | G11: CO2 | H11: =VLOOKUP($B11, 'Std Conc'!$A$2:$K$21, MATCH(G11, 'Std Conc'!$A$1:$K$1,0),FALSE) -> 0 | I11: 99.5922 | J11: O2 | K11: =VLOOKUP($B11, 'Std Conc'!$A$2:$K$21, MATCH(J11, 'Std Conc'!$A$1:$K$1,0),FALSE) -> 0 | L11: 3299.626 | M11: N2O | N11: =VLOOKUP($B11, 'Std Conc'!$A$2:$K$21, MATCH(M11, 'Std Conc'!$A$1:$K$1,0),FALSE) -> 0 | O11: 65.1079
A12: 11 | B12: N2 | C12: F220928s11.CHR | D12: CH4 | E12: =VLOOKUP($B12, 'Std Conc'!$A$2:$K$21, MATCH(D12, 'Std Conc'!$A$1:$K$1,0),FALSE) -> 0 | F12: 0 | G12: CO2 | H12: =VLOOKUP($B12, 'Std Conc'!$A$2:$K$21, MATCH(G12, 'Std Conc'!$A$1:$K$1,0),FALSE) -> 0 | I12: 42.8348 | J12: O2 | K12: =VLOOKUP($B12, 'Std Conc'!$A$2:$K$21, MATCH(J12, 'Std Conc'!$A$1:$K$1,0),FALSE) -> 0 | L12: 1189.507 | M12: N2O | N12: =VLOOKUP($B12, 'Std Conc'!$A$2:$K$21, MATCH(M12, 'Std Conc'!$A$1:$K$1,0),FALSE) -> 0 | O12: 19.1882
A13: 12 | B13: Lab Air Blank | C13: F220928s12.CHR | D13: CH4 | E13: =VLOOKUP($B13, 'Std Conc'!$A$2:$K$21, MATCH(D13, 'Std Conc'!$A$1:$K$1,0),FALSE) -> 0 | F13: 0.316 | G13: CO2 | H13: =VLOOKUP($B13, 'Std Conc'!$A$2:$K$21, MATCH(G13, 'Std Conc'!$A$1:$K$1,0),FALSE) -> 0 | I13: 90.0391 | J13: O2 | K13: =VLOOKUP($B13, 'Std Conc'!$A$2:$K$21, MATCH(J13, 'Std Conc'!$A$1:$K$1,0),FALSE) -> 0 | L13: 3125.5168 | M13: N2O | N13: =VLOOKUP($B13, 'Std Conc'!$A$2:$K$21, MATCH(M13, 'Std Conc'!$A$1:$K$1,0),FALSE) -> 0 | O13: 56.7014
... A101: 100 | B101: Lab Air Blank | C101: F220928s100.CHR | D101: CH4 | E101: =VLOOKUP($B101, 'Std Conc'!$A$2:$K$21, MATCH(D101, 'Std Conc'!$A$1:$K$1,0),FALSE) -> 0 | F101: 0.3494 | G101: CO2 | H101: =VLOOKUP($B101, 'Std Conc'!$A$2:$K$21, MATCH(G101, 'Std Conc'!$A$1:$K$1,0),FALSE) -> 0 | I101: 100.9591 | J101: O2 | K101: =VLOOKUP($B101, 'Std Conc'!$A$2:$K$21, MATCH(J101, 'Std Conc'!$A$1:$K$1,0),FALSE) -> 0 | L101: 3245.4588 | M101: N2O | N101: =VLOOKUP($B101, 'Std Conc'!$A$2:$K$21, MATCH(M101, 'Std Conc'!$A$1:$K$1,0),FALSE) -> 0 | O101: 65.5424

Sheet Sheet5
B1: Sample ID | C1: File | D1: Gas | E1: Standard Concentration | F1: Area CH4 | G1: Gas | H1: Standard Concentration | I1: Area CO2 | J1: Gas | K1: Standard Concentration | L1: Area O2 | M1: Gas | N1: Standard Concentration | O1: Area N2O
A2: 1 | B2: Lab Air Blank | C2: F220928s01.CHR | D2: CH4 | E2: 0 | F2: 0.3412 | G2: CO2 | H2: 0 | I2: 107.5538 | J2: O2 | K2: 0 | L2: 3443.5487 | M2: N2O | N2: 0 | O2: 65.2496
A3: 2 | B3: Lab Air Blank | C3: F220928s02.CHR | D3: CH4 | E3: 0 | F3: 0.2886 | G3: CO2 | H3: 0 | I3: 92.795 | J3: O2 | K3: 0 | L3: 3193.884 | M3: N2O | N3: 0 | O3: 56.2452
A4: 3 | B4: Lab Air Blank | C4: F220928s03.CHR | D4: CH4 | E4: 0 | F4: 0.2869 | G4: CO2 | H4: 0 | I4: 83.8809 | J4: O2 | K4: 0 | L4: 3134.6018 | M4: N2O | N4: 0 | O4: 55.7161
A5: 4 | B5: Lab Air Blank | C5: F220928s04.CHR | D5: CH4 | E5: 0 | F5: 0.3664 | G5: CO2 | H5: 0 | I5: 106.3448 | J5: O2 | K5: 0 | L5: 3523.4862 | M5: N2O | N5: 0 | O5: 67.1442
A6: 5 | B6: Lab Air Blank | C6: F220928s05.CHR | D6: CH4 | E6: 0 | F6: 0.2984 | G6: CO2 | H6: 0 | I6: 83.413 | J6: O2 | K6: 0 | L6: 3125.125 | M6: N2O | N6: 0 | O6: 55.3161
A7: 6 | B7: Lab Air Blank | C7: F220928s06.CHR | D7: CH4 | E7: 0 | F7: 0.3589 | G7: CO2 | H7: 0 | I7: 100.3836 | J7: O2 | K7: 0 | L7: 3358.205 | M7: N2O | N7: 0 | O7: 65.1327
A8: 7 | B8: Lab Air Blank | C8: F220928s07.CHR | D8: CH4 | E8: 0 | F8: 0.3272 | G8: CO2 | H8: 0 | I8: 93.5093 | J8: O2 | K8: 0 | L8: 3204.0272 | M8: N2O | N8: 0 | O8: 61.67
A9: 8 | B9: Lab Air Blank | C9: F220928s08.CHR | D9: CH4 | E9: 0 | F9: 0.3606 | G9: CO2 | H9: 0 | I9: 94.233 | J9: O2 | K9: 0 | L9: 3344.1683 | M9: N2O | N9: 0 | O9: 62.0368
A10: 9 | B10: Lab Air Blank | C10: F220928s09.CHR | D10: CH4 | E10: 0 | F10: 0.2887 | G10: CO2 | H10: 0 | I10: 87.2518 | J10: O2 | K10: 0 | L10: 3100.4319 | M10: N2O | N10: 0 | O10: 56.3138
A11: 10 | B11: Lab Air Blank | C11: F220928s10.CHR | D11: CH4 | E11: 0 | F11: 0.3725 | G11: CO2 | H11: 0 | I11: 99.5922 | J11: O2 | K11: 0 | L11: 3299.626 | M11: N2O | N11: 0 | O11: 65.1079
A12: 12 | B12: Lab Air Blank | C12: F220928s12.CHR | D12: CH4 | E12: 0 | F12: 0.316 | G12: CO2 | H12: 0 | I12: 90.0391 | J12: O2 | K12: 0 | L12: 3125.5168 | M12: N2O | N12: 0 | O12: 56.7014
A13: 14 | B13: Lab Air Blank | C13: F220928s14.CHR | D13: CH4 | E13: 0 | F13: 0.372 | G13: CO2 | H13: 0 | I13: 101.8445 | J13: O2 | K13: 0 | L13: 3322.6725 | M13: N2O | N13: 0 | O13: 69.2974
... A70: 75 | B70: Outdoor Air 2 | C70: F220928s75.CHR | D70: CH4 | E70: 0.3 | F70: 0.1522 | G70: CO2 | H70: 69.166667 | I70: 34.2288 | J70: O2 | K70: 34916.667 | L70: 1846.8723 | M70: N2O | N70: 0.054166667 | O70: 19.2094
A71: 91 | B71: Outdoor Air 2 | C71: F220928s91.CHR | D71: CH4 | E71: 0.3 | G71: CO2 | H71: 69.166667 | J71: O2 | K71: 34916.667 | L71: 1735.4905 | M71: N2O | N71: 0.054166667
A72: 47 | B72: Outdoor Air 3 | C72: F220928s47.CHR | D72: CH4 | E72: 0.6 | F72: 0.2175 | G72: CO2 | H72: 138.33333 | I72: 55.7428 | J72: O2 | K72: 69833.333 | L72: 2390.627 | M72: N2O | N72: 0.10833333 | O72: 34.4266
A73: 77 | B73: Outdoor Air 3 | C73: F220928s77.CHR | D73: CH4 | E73: 0.6 | F73: 0.2103 | G73: CO2 | H73: 138.33333 | I73: 53.994 | J73: O2 | K73: 69833.333 | L73: 2293.5388 | M73: N2O | N73: 0.10833333 | O73: 36.0271
A74: 93 | B74: Outdoor Air 3 | C74: F220928s93.CHR | D74: CH4 | E74: 0.6 | G74: CO2 | H74: 138.33333 | J74: O2 | K74: 69833.333 | L74: 2103.5106 | M74: N2O | N74: 0.10833333
A75: 49 | B75: Outdoor Air 4 | C75: F220928s49.CHR | D75: CH4 | E75: 0.9 | F75: 0.3209 | G75: CO2 | H75: 207.5 | I75: 77.7965 | J75: O2 | K75: 104750 | L75: 2778.5854 | M75: N2O | N75: 0.1625 | O75: 50.6064
A76: 79 | B76: Outdoor Air 4 | C76: F220928s79.CHR | D76: CH4 | E76: 0.9 | F76: 0.3064 | G76: CO2 | H76: 207.5 | I76: 81.4631 | J76: O2 | K76: 104750 | L76: 2780.6727 | M76: N2O | N76: 0.1625 | O76: 51.6243
A77: 95 | B77: Outdoor Air 4 | C77: F220928s95.CHR | D77: CH4 | E77: 0.9 | G77: CO2 | H77: 207.5 | J77: O2 | K77: 104750 | L77: 2880.3919 | M77: N2O | N77: 0.1625
A78: 51 | B78: Outdoor Air 5 | C78: F220928s51.CHR | D78: CH4 | E78: 1.2 | F78: 0.3718 | G78: CO2 | H78: 276.66667 | I78: 99.1414 | J78: O2 | K78: 139666.67 | L78: 3264.2871 | M78: N2O | N78: 0.21666667 | O78: 63.6304
A79: 81 | B79: Outdoor Air 5 | C79: F220928s81.CHR | D79: CH4 | E79: 1.2 | F79: 0.383 | G79: CO2 | H79: 276.66667 | I79: 101.4968 | J79: O2 | K79: 139666.67 | L79: 3212.7058 | M79: N2O | N79: 0.21666667 | O79: 65.9271
A80: 97 | B80: Outdoor Air 5 | C80: F220928s97.CHR | D80: CH4 | E80: 1.2 | G80: CO2 | H80: 276.66667 | J80: O2 | K80: 139666.67 | L80: 3522.2272 | M80: N2O | N80: 0.21666667
A81: 53 | B81: Outdoor Air 6 | C81: F220928s53.CHR | D81: CH4 | E81: 1.5 | F81: 0.474 | G81: CO2 | H81: 345.83333 | I81: 114.974 | J81: O2 | K81: 174583.33 | L81: 3489.742 | M81: N2O | N81: 0.27083333 | O81: 75.39
A82: 83 | B82: Outdoor Air 6 | C82: F220928s83.CHR | D82: CH4 | E82: 1.5 | F82: 0.4268 | G82: CO2 | H82: 345.83333 | I82: 120.5926 | J82: O2 | K82: 174583.33 | L82: 3380.2003 | M82: N2O | N82: 0.27083333 | O82: 76.5168
A83: 55 | B83: Outdoor Air 7 | C83: F220928s55.CHR | D83: CH4 | E83: 1.8 | F83: 0.49 | G83: CO2 | H83: 415 | I83: 137.4635 | J83: O2 | K83: 209500 | L83: 3716.7166 | M83: N2O | N83: 0.325 | O83: 93.9418
A84: 85 | B84: Outdoor Air 7 | C84: F220928s85.CHR | D84: CH4 | E84: 1.8 | F84: 0.4562 | G84: CO2 | H84: 415 | I84: 135.8554 | J84: O2 | K84: 209500 | L84: 3713.3327 | M84: N2O | N84: 0.325 | O84: 91.8014
A85: 61 | B85: Oxygen Standard 1 | C85: F220928s61.CHR | D85: CH4 | E85: 0 | F85: 0 | G85: CO2 | H85: 0 | I85: 13.9597 | J85: O2 | K85: 0 | L85: 888.2439 | M85: N2O | N85: 0 | O85: 5.0722
A86: 63 | B86: Oxygen Standard 2 | C86: F220928s63.CHR | D86: CH4 | E86: 0 | F86: 0 | G86: CO2 | H86: 0 | I86: 10.7902 | J86: O2 | K86: 27777.778 | L86: 1656.2249 | M86: N2O | N86: 0 | O86: 4.9977
A87: 65 | B87: Oxygen Standard 3 | C87: F220928s65.CHR | D87: CH4 | E87: 0 | F87: 0 | G87: CO2 | H87: 0 | I87: 11.0352 | J87: O2 | K87: 55555.556 | L87: 2120.4118 | M87: N2O | N87: 0 | O87: 7.9752
A88: 67 | B88: Oxygen Standard 4 | C88: F220928s67.CHR | D88: CH4 | E88: 0 | F88: 0 | G88: CO2 | H88: 0 | I88: 11.2407 | J88: O2 | K88: 111111.11 | L88: 2885.2259 | M88: N2O | N88: 0 | O88: 8.4202
A89: 69 | B89: Oxygen Standard 5 | C89: F220928s69.CHR | D89: CH4 | E89: 0 | F89: 0 | G89: CO2 | H89: 0 | I89: 9.1588 | J89: O2 | K89: 166666.67 | L89: 3494.6612 | M89: N2O | N89: 0 | O89: 5.5535
A90: 13 | B90: SB1 | C90: F220928s13.CHR | D90: CH4 | E90: 0.9763 | F90: 0.2164 | G90: CO2 | H90: 152.4 | I90: 90.7939 | J90: O2 | K90: 180100 | L90: 3538.2839 | M90: N2O | N90: 0.228 | O90: 67.0398
A91: 29 | B91: SB1 | C91: F220928s29.CHR | D91: CH4 | E91: 0.9763 | F91: 0.2364 | G91: CO2 | H91: 152.4 | I91: 91.2222 | J91: O2 | K91: 180100 | L91: 3472.621 | M91: N2O | N91: 0.228 | O91: 66.9644
A92: 15 | B92: SB2 | C92: F220928s15.CHR | D92: CH4 | E92: 3.008 | F92: 0.661 | G92: CO2 | H92: 426.2 | I92: 169.853 | J92: O2 | K92: 240100 | L92: 3998.842 | M92: N2O | N92: 0.379 | O92: 107.5364
... A101: 39 | B101: SB6 | C101: F220928s39.CHR | D101: CH4 | E101: 60340 | F101: 9759.4382 | G101: CO2 | H101: 49990 | I101: 11935.251 | J101: O2 | K101: 0 | L101: 1240.4482 | M101: N2O | N101: 20 | O101: 4884.9442
